Id,Ime_ucenika,Prezime_ucenika,Datum_rodjenja_ucenika,OIB,Ime_oca,Adresa_ucenika,Postanski_broj,Mjesto,Naziv_zupanije,Naziv_skole,Adresa_skole,Broj_razreda,Slovo_razreda,Naziv_predmeta,Broj_sati_tjedno,Ime_nastavnika,Prezime_nastavnika,Datum_rodjenja_nastavnika,Pocetak_rada,Kraj_rada,Naziv_zvanja,Broj_ocjene
1,Berri,Sandwick,2009-10-27,16849310969,Claudell,4 Lien Way,12345,Redondos,Pazinska,Osnovna škola Trava,934 Arapahoe Street,4,C,Sociology,2,Isabeau,Serfati,2026-04-03,2025-10-27,,Lecturer,1
2,Gavan,Crockley,2010-07-13,80446710073,Levy,15366 Badeau Crossing,44000,Linquan,Brodsko-posavska,Gimnazija Komet,5 Westerfield Park,2,I,Engineering,5,Brand,Agass,2025-09-30,2026-06-09,,Research professor,4
3,Ronna,Rooms,2009-01-16,78497712496,Lon,018 Stone Corner Pass,20000,Yamaguchi-shi,Brodsko-posavska,Gimnazija Drvo,995 Parkside Point,2,J,Law,4,Codie,Hyne,2026-03-09,2025-09-05,,Asistent,4
4,Becca,Levitt,2011-05-12,96579838598,Vladimir,48743 Sauthoff Avenue,99000,Oslo,Šibensko-kninska,Srednja škola Planeta,316 Starling Park,1,F,Chemistry,3,Teodoor,Laws,2025-12-06,2026-02-28,,Visiting professor,4
5,Austen,Delamere,2009-01-09,18622608857,Skip,2 Doe Crossing Place,44000,Oefatu,Varaždinska,Osnovna škola Voda,2 Kropf Alley,2,B,Physical Education,4,Baryram,Searle,2026-03-30,2025-12-18,,Assistant professor,5
6,Letta,Kinch,2010-07-27,50803069385,Julian,546 Bunker Hill Alley,54321,Fengshan,Šibensko-kninska,Gimnazija Drvo,41151 Glendale Court,4,G,Mathematics,5,Welbie,Olifard,2026-05-24,2025-12-10,,Profesor emeritus,4
7,Linn,Mandeville,2008-08-07,82039490685,Tyler,5 Barnett Road,77800,Yashkul’,Brodsko-posavska,Osnovna škola Zvijezda,13 Loomis Alley,1,I,Engineering,1,Lea,Wheater,2026-06-30,2025-12-09,,Asistent,4
8,Libbey,Barr,2010-12-04,69874597565,Ike,8680 Westend Circle,77000,Kurów,Zadarska,Osnovna škola Sunce,4069 Pennsylvania Hill,3,D,Nursing,4,Augustine,Taffley,2026-06-29,2025-12-21,,Visiting professor,5
9,Adelina,Dat,2009-01-26,21200607866,Sigismund,3 Oak Valley Junction,66000,Messina,Virovitičko-podravska,Osnovna škola Planeta X,31 Mallard Way,4,G,Anthropology,1,Clarabelle,Fernyhough,2026-03-20,2026-05-02,,Assistant professor,2
10,Bird,Toolan,2010-10-03,79094752533,Yves,62 4th Hill,54321,Koper,Osječko-baranjska,Tehnička škola Svemir,2713 Dunning Parkway,2,I,Engineering,2,Molli,Frise,2026-07-09,2026-02-18,,Adjunct professor,1
11,Peggi,Haskell,2009-09-18,87038927796,Skippie,075 Stang Terrace,55000,Ozorków,Varaždinska,Osnovna škola Crna rupa,57 Bonner Hill,1,J,Political Science,1,Emily,Brasher,2026-01-07,2026-01-02,,Predavac,3
12,Leena,Lowry,2010-04-24,81163406624,Artur,149 Buena Vista Junction,33400,Chengbei,Koprivničko-križevačka,Osnovna škola Planina,30808 Oak Road,1,B,Physical Education,1,Brittni,Kynge,2026-05-16,2026-06-01,,Research professor,1
13,Arie,Holberry,2010-04-26,69705303908,Matty,82395 Monterey Drive,54321,Caobi,Vukovarsko-srijemska,Umjetnička škola Mars,517 Lakewood Gardens Circle,2,D,Business,3,Tresa,Follows,2025-09-14,2025-10-18,,Predavac,1
14,Cindie,Bour,2012-03-15,29864053885,Web,14 Shasta Drive,77000,Doujia,Krapinsko-zagorska,Osnovna škola Asteroid,48505 Kim Street,1,E,Engineering,3,Phelia,Burwood,2026-06-17,2025-10-31,,Asistent,2
15,Lizette,Gobert,2012-01-03,81318073111,Uriel,7778 Stuart Point,33400,Gejiu,Brodsko-posavska,Srednja škola Proljeće,1747 Starling Plaza,1,I,Art,1,Reiko,McLeod,2025-12-03,2026-01-16,,Research professor,5
16,Elvis,Beauvais,2010-02-02,53095978719,Pepito,736 7th Park,99000,Xiangxi,Zadarska,Tehnička škola Jupiter,9 Arizona Circle,1,A,Environmental Science,1,Samara,Lidbetter,2026-04-02,2026-03-16,,Lecturer,1
17,Gwynne,Vickars,2012-09-10,14850337093,Kim,5 Maple Court,66000,Bayabas,Vukovarsko-srijemska,Srednja škola Zemlja,4 Pankratz Place,4,D,Geography,1,Clotilda,Blowen,2026-03-15,2025-12-22,,Profesor emeritus,2
18,Shara,Perris,2008-07-02,39953358982,Abbie,7 Pond Crossing,55600,Dolní Počernice,Primorsko-goranska,Osnovna škola Crna rupa,68 Cardinal Junction,2,B,Anthropology,1,Derrik,Tregust,2026-05-25,2026-03-15,,Profesor emeritus,4
19,Sheree,Jarmaine,2009-02-17,51475130292,Howey,33 Michigan Court,11200,Mudian,Pazinska,Osnovna škola Rijeka,34 Arkansas Junction,1,C,Law,5,Yasmin,Pitrelli,2025-08-21,2026-04-03,,Profesor emeritus,5
20,Maxim,Thomton,2011-02-04,47566370461,Demetris,382 Bobwhite Road,11200,Presidencia Roque Sáenz Peña,Koprivničko-križevačka,Osnovna škola Snijeg,2790 Eliot Crossing,3,C,Anthropology,2,Brannon,Bigrigg,2026-06-11,2025-08-13,,Lecturer,1
21,Hamid,Rosenzveig,2008-10-03,46068085116,Sheffield,1 Old Shore Way,11000,Pandanrejokrajan,Varaždinska,Srednja škola Mjesec,394 Forest Crossing,3,A,Biology,4,Adriana,Tresler,2026-07-21,2026-07-27,,Asistent,1
22,Lamond,Bather,2012-10-02,64848657620,Marcellus,3 Northwestern Drive,20000,Nāḩiyat Alī ash Sharqī,Splitsko-dalmatinska,Srednja škola Planeta,613 Troy Trail,3,C,Geography,3,Gottfried,Mityushkin,2026-06-20,2025-09-08,,Associate professor,1
23,Avigdor,Aingell,2010-12-09,25445360669,Berne,40 Toban Court,88900,Emmen,Karlovačka,Srednja škola Supernova,31 Moland Pass,1,J,Physical Education,1,Gardy,Gun,2026-05-16,2025-12-12,,Docent,1
24,Laureen,Paulot,2012-02-14,22121993780,Ugo,03980 Longview Trail,35000,Kudanding,Međimurska,Srednja škola More,3774 Golden Leaf Avenue,1,I,Dentistry,1,Nancie,Penkman,2026-04-08,2026-02-10,,Asistent,1
25,Huey,Bydaway,2008-10-23,22603958227,Lucius,27 Schlimgen Circle,77800,Ban Thai Tan,Sisačko-moslavačka,Umjetnička škola Mjesec,0267 Grayhawk Street,4,A,Mathematics,2,Todd,Bridson,2025-09-09,2025-12-04,,Profesor emeritus,1
26,Bobby,Liddy,2010-03-31,93039856207,Robin,8727 Ilene Center,20000,Colonia Elía,Lika-senjska,Srednja škola Mjesec,664 Manufacturers Park,4,I,Accounting,3,Warren,Pinnere,2026-01-24,2025-12-21,,Adjunct professor,1
27,Harlan,Plues,2011-05-26,88549388105,Matthieu,4904 Dixon Point,88000,Coutances,Dubrovačko-neretvanska,Osnovna škola Zvijezda,214 Forest Parkway,2,I,Physical Education,4,Elena,Lydiate,2025-08-27,2026-06-05,,Associate professor,1
28,Janel,Gailor,2011-01-31,44401091036,Timofei,6698 Hudson Avenue,54321,Olavarría,Vukovarsko-srijemska,Srednja škola Ljeto,01 Chinook Terrace,4,J,Literature,5,Vera,Goslin,2026-01-02,2026-05-12,,Associate professor,2
29,Beaufort,Davydenko,2008-12-07,15326774196,Darcy,94891 Scofield Alley,66000,San Jose,Zagrebačka,Tehnička škola Svemir,2633 Hoffman Hill,4,J,Nursing,4,Nataline,Puckham,2026-06-06,2026-06-03,,Lecturer,2
30,Ertha,Macieja,2009-03-24,71391299404,Bink,11 Gulseth Park,55000,Montpellier,Zagrebačka,Srednja škola Mjesečina,16128 Paget Parkway,3,H,Engineering,1,Jareb,Atton,2025-08-26,2025-09-14,,Assistant professor,3
31,Alysia,Andrin,2011-10-14,52838716699,Arte,059 Tony Court,77000,Bacnar,Vukovarsko-srijemska,Osnovna škola Sunčeva svjetlost,7 Oakridge Hill,2,J,Geography,5,Donia,Slowgrove,2026-07-12,2025-10-26,,Adjunct professor,5
32,Rheba,Ayres,2011-05-20,16699592190,Halsey,700 Heffernan Pass,88000,El’brus,Požeško-slavonska,Osnovna škola Ptica,8648 Northview Point,2,C,Architecture,3,Vinny,Bigg,2026-05-13,2025-11-30,,Predavac,4
33,Phip,Pink,2012-06-29,80367476848,Hurlee,2 Grasskamp Park,55000,Bijeli,Osječko-baranjska,Tehnička škola Kiša,51 Forster Avenue,2,F,Environmental Science,3,Sigismundo,Denial,2026-03-25,2025-10-28,,Research professor,5
34,Jaimie,Yude,2009-08-16,19960904173,Siward,7 Russell Way,11200,Ḩukūmat-e Shīnkaī,Varaždinska,Tehnička škola Jupiter,4041 Mallory Drive,3,G,Philosophy,2,Hinze,Bonniface,2025-11-13,2026-01-22,,Research professor,4
35,Tris,Brammall,2010-10-11,47327121666,Filip,71308 Trailsway Crossing,55600,Qinghua,Zadarska,Srednja škola Ljeto,7534 Village Green Place,2,B,Mathematics,1,Tuck,Symcoxe,2025-08-22,2026-06-15,,Associate professor,5
36,Estell,McGiff,2009-10-11,38176005011,Edgard,9741 Arkansas Hill,44500,Qimantage,Krapinsko-zagorska,Tehnička škola Sunčev sustav,78349 Fieldstone Crossing,4,F,Chemistry,2,Elroy,Padden,2025-08-31,2025-11-24,,Research professor,5
37,Rosemonde,Booy,2008-04-12,49178520279,Carlos,234 Ruskin Crossing,99000,Paraíso de Chabasquén,Požeško-slavonska,Srednja škola Zemlja,6105 Cambridge Court,1,I,English,4,Robby,Sowte,2025-08-14,2026-06-13,,Assistant professor,2
38,Roderic,Haseman,2009-02-07,46932832868,Yorke,8 Service Lane,55600,Guanjiabao,Varaždinska,Osnovna škola Planina,9 Eliot Court,1,I,Economics,3,Jon,Panter,2025-10-19,2026-05-16,,Research professor,3
39,Sherri,Eldrid,2008-11-21,57327018579,Oby,047 Loftsgordon Court,99000,Huangbu,Međimurska,Osnovna škola Saturn,6 Anzinger Hill,4,B,Engineering,1,Tedmund,Luker,2026-01-18,2025-12-13,,Predavac,1
40,Celina,Nussii,2010-10-02,71846802183,Tuckie,03155 West Parkway,44000,Stepanovićevo,Šibensko-kninska,Srednja škola Mjesečina,12 Valley Edge Trail,1,B,Law,1,Casandra,Loxley,2025-12-25,2025-09-28,,Research professor,3
41,Lanny,Antrim,2011-09-12,48534111994,Carroll,67 Northview Pass,77800,Sājir,Vukovarsko-srijemska,Srednja škola Otok,14 Red Cloud Drive,4,B,Chemistry,3,Karie,Freemantle,2026-02-17,2025-12-18,,Profesor emeritus,2
42,Mack,Adrienne,2012-01-26,63620162311,Anselm,0 Susan Court,33400,Severnyy,Požeško-slavonska,Srednja škola Proljeće,934 John Wall Avenue,4,A,Economics,3,Lolita,Aucutt,2026-07-30,2026-07-25,,Asistent,3
43,Vikky,Drayson,2008-07-16,25877188297,Goddard,5 Meadow Valley Trail,55000,Ishioka,Vukovarsko-srijemska,Srednja škola Supernova,507 Monica Plaza,4,I,Computer Science,3,Morgen,Muris,2026-05-24,2025-12-22,,Profesor emeritus,2
44,Darbie,McCulley,2008-07-15,97251426706,Hadleigh,23 Sullivan Terrace,99000,Villeta,Brodsko-posavska,Srednja škola Galaksija,2668 Fallview Hill,1,H,English,2,Shaylynn,Giamelli,2025-10-18,2025-09-12,,Research professor,3
45,Elysha,Kryska,2008-12-18,56570103960,Giordano,717 Tomscot Lane,77000,Houzhen,Brodsko-posavska,Tehnička škola Svemir,161 Annamark Road,4,A,Chemistry,3,Niles,Benjefield,2025-11-12,2026-01-23,,Predavac,4
46,Pasquale,Libby,2009-05-17,58757045034,Chrisy,76 Everett Drive,54321,Landi Kotal,Koprivničko-križevačka,Osnovna škola Zvijezda,53193 Continental Circle,4,J,Environmental Science,3,Rhianon,Claris,2026-02-02,2026-01-28,,Asistent,2
47,Jeniece,Remnant,2010-12-03,55305857602,Reece,7244 Luster Pass,11200,Houyu,Karlovačka,Osnovna škola Saturn,54 Browning Trail,1,D,Criminal Justice,1,Latrina,Titta,2026-04-12,2026-06-20,,Assistant professor,1
48,Michale,Corbitt,2009-02-04,37572808754,Kingston,577 Lakewood Gardens Crossing,55600,Stockholm,Virovitičko-podravska,Srednja škola Galaksija,84 Ronald Regan Terrace,3,B,Environmental Science,5,Nicky,Filippov,2025-12-20,2026-02-03,,Predavac,4
49,Beatrix,Pett,2011-11-25,58947911137,Giorgi,44 Bonner Drive,66000,Blobo,Brodsko-posavska,Srednja škola Zemlja,0486 Westport Point,4,H,Music,4,Minnaminnie,Stredwick,2026-05-21,2026-01-12,,Predavac,4
50,Marie-jeanne,Bowker,2008-06-29,84638205548,Geno,146 Duke Street,20000,Uruobo-Okija,Brodsko-posavska,Osnovna škola Šuma,095 Hermina Hill,2,E,Dentistry,4,Camey,Hessel,2026-05-24,2026-01-17,,Docent,4
51,Johnathon,Byng,2008-03-18,56109370943,Adolphus,4306 Linden Crossing,99000,Whitehorse,Bjelovarsko-bilogorska,Osnovna škola Pustinja,49160 Towne Hill,3,E,Environmental Science,3,Jessa,Elmes,2026-04-14,2025-11-08,,Profesor emeritus,3
52,Juliane,Houlden,2011-11-07,91908915202,Hall,95330 Di Loreto Parkway,35000,Xiangfu,Vukovarsko-srijemska,Osnovna škola Voda,7 Debs Street,4,J,Business,4,Sharon,Willshire,2026-03-24,2025-10-18,,Associate professor,5
53,Clarance,Flowerden,2012-02-07,66316997300,August,7 Logan Trail,55600,Alupay,Brodsko-posavska,Srednja škola Brdo,524 Waubesa Court,3,J,History,1,Tarra,Dacres,2026-07-18,2025-12-25,,Visiting professor,1
54,Eb,Mendus,2012-04-07,25017311411,Zelig,3630 Lotheville Place,88900,Māmu Kānjan,Međimurska,Gimnazija Cvijet,82820 Donald Avenue,3,F,Psychology,2,Powell,Moloney,2026-02-28,2026-03-16,,Assistant professor,4
55,Doralyn,Shorte,2011-04-26,24177113117,Enrico,4 Farmco Street,44000,Užice,Pazinska,Osnovna škola Sunčeva svjetlost,00 Vidon Crossing,2,B,Architecture,4,Geri,Warwick,2026-05-31,2026-07-12,,Predavac,2
56,Arin,Obern,2012-04-07,25166071400,Phillipp,42510 Mandrake Plaza,35000,Hidalgo,Primorsko-goranska,Osnovna škola Voda,06 Burning Wood Court,1,H,Marketing,5,Cece,Munkley,2025-11-23,2025-11-23,,Research professor,5
57,Oren,Kmiec,2008-11-06,72168686862,Ulysses,156 Gulseth Center,66000,Želetava,Osječko-baranjska,Osnovna škola Asteroid,82 Fisk Junction,1,E,Architecture,2,Maible,Brychan,2025-10-12,2025-11-16,,Visiting professor,3
58,Dallis,Dearden,2009-05-02,15921009793,Ignace,7674 Dixon Hill,88000,Rizokárpaso,Zadarska,Srednja škola More,6499 Ludington Crossing,1,H,Criminal Justice,3,Jennette,Shevell,2026-07-22,2026-03-13,,Asistent,2
59,Christos,Domokos,2008-05-31,58061613120,Richie,7553 Monterey Street,12345,La Esperanza,Brodsko-posavska,Srednja škola Galaksija,727 Stone Corner Alley,3,A,Criminal Justice,4,Samantha,Kenford,2026-05-18,2026-06-09,,Asistent,1
60,Arleen,Puden,2009-03-26,59766989784,Granthem,2885 Hovde Park,99000,Yanwo,Vukovarsko-srijemska,Srednja škola Proljeće,0874 Mockingbird Crossing,4,I,Economics,4,Ailey,Varnham,2026-05-01,2025-10-06,,Visiting professor,5
61,Brandise,Winship,2012-08-22,95184684983,Karlis,91997 Golden Leaf Circle,77800,Dagkar,Pazinska,Osnovna škola Cvijet,9784 Coolidge Hill,2,G,Literature,2,Goldie,Natt,2025-10-08,2026-01-05,,Adjunct professor,5
62,Mirabella,Zappel,2008-02-03,59764987284,Zebulon,33 Hovde Crossing,54321,Tartu,Brodsko-posavska,Gimnazija Komet,417 Spenser Way,3,F,English,2,Jilleen,Otham,2026-01-01,2025-08-13,,Docent,1
63,Tammie,Addess,2008-10-09,95389159678,Hadley,224 Steensland Terrace,22300,Plan de Ayala,Varaždinska,Umjetnička škola Mjesec,36 Saint Paul Junction,4,E,History,3,Jo ann,Quittonden,2026-04-21,2026-07-11,,Adjunct professor,1
64,Nicol,Fildes,2009-04-09,70900773465,Sayer,4 Prentice Court,55600,Sinarjaya,Vukovarsko-srijemska,Srednja škola Meteor,0 Basil Road,3,J,Anthropology,3,Margalit,Thexton,2026-05-04,2026-06-05,,Asistent,3
65,Gabriell,Fallis,2011-05-08,86316937735,Kearney,113 Transport Parkway,44500,Tours,Brodsko-posavska,Osnovna škola Cvijet,12261 Schiller Junction,3,G,Physics,3,Adriane,Scirman,2026-05-25,2025-08-12,,Associate professor,2
66,Zedekiah,Wanka,2008-09-18,57300322516,Tedmund,8360 Westport Crossing,88000,Idanha-a-Nova,Primorsko-goranska,Srednja škola Galaksija,3 Packers Court,1,J,Veterinary,3,Caye,Campelli,2025-11-08,2026-05-02,,Research professor,1
67,Andrew,Lidgard,2010-03-13,31900442905,Tamas,024 Hauk Way,20000,Palaióchora,Dubrovačko-neretvanska,Umjetnička škola Sunce,99305 Upham Hill,4,F,Philosophy,4,Vinita,Halms,2026-02-25,2025-12-14,,Assistant professor,3
68,Tobe,Reisenberg,2008-05-04,95021487231,Xerxes,76098 Saint Paul Point,77000,Al Mughayyir,Splitsko-dalmatinska,Umjetnička škola Oblak,92375 Bayside Street,2,B,Architecture,3,Onfroi,Whitehead,2025-10-27,2025-11-30,,Associate professor,4
69,Brod,Calladine,2008-09-30,94729465031,Hurley,371 Hansons Trail,11200,Bęczarka,Lika-senjska,Osnovna škola Rijeka,37 Waubesa Point,4,E,Engineering,5,Letti,Gooda,2026-04-04,2025-09-07,,Adjunct professor,5
70,Sacha,Wybern,2010-05-27,25795807185,Currey,38 Crownhardt Plaza,99000,Čajetina,Splitsko-dalmatinska,Tehnička škola Kiša,5 Melrose Circle,4,A,Art,1,Stanislas,Rentz,2025-10-24,2025-10-19,,Visiting professor,3
71,Fergus,Vokins,2010-09-30,57217315440,Alasteir,3191 Monica Place,54321,Verkhniy Avzyan,Krapinsko-zagorska,Srednja škola Planeta,6042 Cody Junction,2,G,Chemistry,1,Carina,Nicol,2026-02-19,2025-11-29,,Visiting professor,5
72,Mella,Elderbrant,2008-02-09,31620002875,Elmer,96 Barby Trail,54321,Grzmiąca,Lika-senjska,Osnovna škola Cvijet,44976 Crescent Oaks Circle,4,A,Environmental Science,2,Sargent,Neasham,2026-05-14,2025-07-31,,Lecturer,4
73,Kipp,Giovannoni,2012-12-31,80227564944,Del,2 Dunning Way,44000,Padre Burgos,Varaždinska,Osnovna škola Asteroid,44226 Havey Alley,2,E,Economics,1,Thornie,Welbrock,2025-11-22,2026-04-05,,Predavac,1
74,Keelby,Blindermann,2009-05-01,22047679631,Dennis,581 Schmedeman Place,11000,Armenia,Bjelovarsko-bilogorska,Osnovna škola Cvijet,15 Armistice Lane,4,H,Psychology,1,Free,Faunt,2026-06-14,2025-09-07,,Asistent,3
75,Layne,Summerrell,2010-10-01,20488718322,Mohandis,98 Green Ridge Alley,99000,Datong,Bjelovarsko-bilogorska,Umjetnička škola Mjesec,42 Farwell Crossing,2,F,Psychology,3,Edyth,Christoffels,2026-07-16,2025-09-09,,Asistent,4
76,Bren,Farry,2012-01-19,32995993843,Dukey,24313 Portage Road,77000,Muruni,Pazinska,Gimnazija Zvijezda,8501 Forest Plaza,1,A,Medicine,1,Ashley,Ashmore,2025-08-03,2026-01-10,,Docent,3
77,Georgy,Skpsey,2008-11-28,12074585172,Hewitt,730 Mendota Street,77800,Yanglinwei,Bjelovarsko-bilogorska,Umjetnička škola Sunce,27537 Carpenter Place,2,C,Dentistry,5,Kinsley,Honatsch,2026-05-25,2026-06-25,,Visiting professor,1
78,Del,Linay,2009-08-28,45455723058,Heywood,7 Superior Street,88900,Dikou,Krapinsko-zagorska,Tehnička škola Sunčev sustav,2565 Havey Road,3,I,Chemistry,4,Arlen,Pettiward,2026-06-29,2026-03-01,,Associate professor,2
79,Livy,Feaveer,2010-04-13,85253628626,Randolf,963 Service Point,55000,Arroteia,Primorsko-goranska,Srednja škola Mjesečina,38914 Rowland Drive,2,H,Anthropology,1,Becka,Elliff,2025-10-26,2025-10-19,,Profesor emeritus,5
80,Finn,Oakinfold,2010-05-21,84284787892,Timothy,3128 Jay Road,22300,New Orleans,Pazinska,Osnovna škola Sunce,428 Westport Avenue,4,G,Mathematics,4,Lorin,Desborough,2025-10-05,2025-10-17,,Asistent,5
81,Rania,Lunt,2010-02-25,86318771731,Guthrie,0 Carey Trail,99000,Bissorã,Sisačko-moslavačka,Srednja škola Mjesečina,35941 Mallory Drive,2,C,Anthropology,1,Guthry,Davidavidovics,2026-02-04,2025-10-07,,Visiting professor,3
82,Nester,Gostridge,2011-11-15,56076386300,Chester,38 Spohn Point,20000,Ar Rābiyah,Varaždinska,Tehnička škola Jupiter,49115 Portage Crossing,1,B,Medicine,2,Audrye,Merrien,2026-05-04,2026-01-30,,Asistent,1
83,Tomasina,Fitzsymons,2011-08-11,37875963463,Lonnie,886 Columbus Trail,66000,Baoping,Osječko-baranjska,Umjetnička škola Mjesec,31 Morningstar Avenue,2,A,Dentistry,4,Desmond,Leads,2025-09-19,2026-04-21,,Assistant professor,2
84,Mabel,Rodear,2010-06-11,14459907326,Pacorro,5102 Scoville Junction,22300,Bayan,Pazinska,Osnovna škola Šuma,636 Vera Center,1,J,Physical Education,1,Felicity,Beddie,2026-04-15,2026-01-04,,Adjunct professor,4
85,Willow,Fransseni,2010-03-10,29953577887,Herold,01844 Brentwood Plaza,35000,Kombandaru,Krapinsko-zagorska,Osnovna škola Crna rupa,459 Ludington Avenue,2,D,Business,4,Launce,Mesant,2026-07-15,2026-04-26,,Profesor emeritus,4
86,Kennan,MacCurlye,2009-06-06,42174458985,Wilfrid,762 Fordem Center,55000,Priiskovyy,Brodsko-posavska,Srednja škola Galaksija,4 Lukken Point,2,G,Business,3,Olympia,De Atta,2025-12-25,2026-05-22,,Asistent,3
87,Ricardo,Nason,2012-08-14,25771190136,Freeland,825 Harper Junction,11200,El Tambo,Pazinska,Srednja škola More,049 Lyons Place,2,C,History,1,Jens,Simanenko,2026-03-25,2025-12-08,,Visiting professor,3
88,Udell,Faughey,2012-12-28,41397886649,Buddy,18072 Forest Dale Junction,88900,Shalizhai,Istarska,Srednja škola Zemlja,644 Maryland Street,4,F,Accounting,4,Aleen,Thorbon,2026-07-10,2026-03-13,,Predavac,2
89,Frederigo,McGhee,2010-10-29,69690983270,Gerrard,7 Sunfield Place,44000,Chesma,Brodsko-posavska,Srednja škola Proljeće,82243 Milwaukee Point,2,I,Physical Education,4,Ellette,Jerger,2026-05-16,2025-08-11,,Research professor,4
90,Nisse,Starkings,2010-05-10,59589351800,Duane,65 Schmedeman Crossing,55000,Miraflores,Sisačko-moslavačka,Osnovna škola Asteroid,7 Toban Road,1,I,Physics,1,Cal,Tombs,2025-08-31,2026-06-04,,Research professor,4
91,Aigneis,Dagleas,2012-01-26,13586394541,Teador,002 Lakewood Gardens Court,44000,Perreng,Dubrovačko-neretvanska,Gimnazija Komet,43 Clemons Place,4,I,Accounting,2,Lisabeth,Klimkowski,2025-09-14,2026-03-15,,Profesor emeritus,1
92,Lyn,Ponting,2008-03-18,67710045194,Dougie,443 Ruskin Way,54321,Juḩr ad Dīk,Vukovarsko-srijemska,Osnovna škola Sunčeva svjetlost,1612 Vermont Lane,4,A,Computer Science,2,Katie,Dignall,2025-09-17,2025-09-23,,Lecturer,2
93,Riobard,Hyndson,2009-07-26,97159070600,Jefferey,0 Loeprich Center,11000,Jönköping,Šibensko-kninska,Srednja škola Supernova,77 Northport Terrace,4,B,Marketing,4,Alyss,Langfield,2026-05-11,2026-05-17,,Adjunct professor,1
94,Katine,Duchart,2010-08-24,51910807378,Normand,785 Sundown Crossing,22300,Trà Vinh,Splitsko-dalmatinska,Tehnička škola Sunčev sustav,29 Elgar Court,1,G,Art,2,Kylen,McGray,2026-06-30,2025-10-23,,Asistent,4
95,Verene,Allett,2011-09-04,16794980834,Baldwin,1 Vahlen Trail,88000,Ziębice,Krapinsko-zagorska,Umjetnička škola Sunce,9559 Crowley Road,2,E,Chemistry,2,Juanita,Budibent,2026-04-03,2025-08-27,,Lecturer,3
96,Cindelyn,Spencley,2009-08-09,32982376985,Kain,30 Norway Maple Plaza,77000,Laau,Varaždinska,Srednja škola Zemlja,4992 Kinsman Crossing,1,A,History,1,Angelita,Scrivner,2026-07-09,2026-01-30,,Predavac,5
97,Buckie,Skipper,2010-08-05,40714713702,Rowland,0 Sloan Park,77000,Atamanovka,Dubrovačko-neretvanska,Umjetnička škola Mars,749 Sunbrook Crossing,1,B,Mathematics,1,Erich,Ruckledge,2025-11-29,2025-08-11,,Profesor emeritus,5
98,Sydney,Creany,2012-12-17,62138453042,Tobiah,1363 Bluejay Drive,66000,Yumani,Koprivničko-križevačka,Gimnazija Drvo,77 Cordelia Alley,2,C,Chemistry,5,Krispin,Gittus,2026-07-01,2026-04-17,,Predavac,5
99,Sherlocke,Gozard,2012-07-31,26228300675,Garvey,41 Stone Corner Trail,33400,Altay,Splitsko-dalmatinska,Osnovna škola Pustinja,7724 Talmadge Lane,3,F,Biology,5,Christabel,Kerslake,2025-08-15,2025-12-08,,Profesor emeritus,2
100,Eloise,Goodreid,2012-02-19,62140838654,Reilly,81654 Mockingbird Junction,35000,Outeiro,Vukovarsko-srijemska,Osnovna škola Trava,6 Evergreen Drive,4,E,Geography,5,Bobby,FitzAlan,2026-07-06,2025-11-13,,Assistant professor,3
101,Ives,Roberto,2012-02-21,75463972613,Gerek,4 Petterle Parkway,11000,Ivanovka,Šibensko-kninska,Srednja škola Meteor,30 Bartillon Avenue,3,G,Music,2,Reinald,Ausher,2025-12-20,2026-03-16,,Predavac,4
102,Geri,Pim,2009-08-07,82745466955,Arin,55 Declaration Drive,66700,Srebrenica,Virovitičko-podravska,Gimnazija Zvijezda,1 Waxwing Road,1,D,Psychology,1,Elwyn,Fernandes,2026-05-13,2025-09-08,,Associate professor,1
103,Reeva,Hanes,2010-05-24,33291092161,Mar,6543 Bunker Hill Court,66000,Jīma,Vukovarsko-srijemska,Osnovna škola Planeta X,00 Butterfield Street,2,A,Business,4,Xever,Bartleet,2025-08-18,2025-11-04,,Visiting professor,5
104,Talbot,Thickens,2011-12-09,19100384393,Marcos,62 Miller Trail,35000,Baishuitan,Splitsko-dalmatinska,Umjetnička škola Oblak,7 Washington Street,2,I,Accounting,2,Arlin,Blague,2026-03-21,2025-10-10,,Lecturer,2
105,Butch,Draco,2011-08-04,91438540636,Barthel,629 Cottonwood Point,44000,Sancha,Lika-senjska,Srednja škola Supernova,2 Grayhawk Way,2,D,Engineering,2,Pedro,Beviss,2026-05-15,2026-06-02,,Adjunct professor,1
106,Gene,Whiffen,2010-01-24,67956782664,Milton,9 Donald Court,66700,Léo,Sisačko-moslavačka,Gimnazija Cvijet,25873 Vahlen Parkway,1,F,Environmental Science,1,Maye,Habbeshaw,2025-10-28,2025-10-25,,Lecturer,3
107,Augustina,Kondratyuk,2008-11-28,15851534862,Harbert,3 Northwestern Place,22300,Wewit,Međimurska,Umjetnička škola Oblak,1 7th Trail,1,A,Astronomy,2,Sherye,Gurdon,2025-10-13,2026-03-27,,Visiting professor,4
108,Jaquenetta,Daudray,2010-07-29,24972290881,Frannie,46 Mayer Center,99000,Qacha’s Nek,Međimurska,Srednja škola Brdo,85168 Forest Drive,1,B,Music,4,Margaretta,Dugan,2025-11-02,2026-05-20,,Assistant professor,3
109,Harold,Hansen,2008-06-16,20372247986,Randolph,21779 Lawn Center,11000,Valerik,Karlovačka,Osnovna škola Sunčeva svjetlost,5 Transport Hill,3,E,Economics,5,Yalonda,Nelsen,2025-12-23,2025-08-25,,Visiting professor,2
110,Orren,Darbon,2009-05-13,61986666372,Guillermo,0 Colorado Junction,35000,Mysove,Vukovarsko-srijemska,Osnovna škola Planeta X,3 Nelson Plaza,3,F,Biology,2,Nora,Hoyles,2026-02-25,2025-08-28,,Adjunct professor,2
111,Quincy,Fillimore,2010-03-26,42764553835,Melvin,9883 Arkansas Center,88000,Villa Gesell,Dubrovačko-neretvanska,Osnovna škola Asteroid,9 Old Shore Point,4,J,Computer Science,2,Jenifer,Andrejs,2026-04-26,2025-12-16,,Profesor emeritus,4
112,Johannes,Dodswell,2010-02-21,73395560643,Aldo,128 Pawling Hill,99000,Mayqayyng,Vukovarsko-srijemska,Srednja škola Mjesečina,68 Granby Street,4,A,Medicine,2,Ricoriki,Hughes,2025-10-22,2025-09-22,,Asistent,3
113,Ansell,Klyner,2009-11-28,45300414610,Laney,38 Artisan Alley,11000,Przyborów,Vukovarsko-srijemska,Srednja škola Proljeće,1 Oak Drive,2,B,Architecture,3,Cortney,Brydson,2026-01-10,2026-03-02,,Predavac,3
114,Margarethe,Enderwick,2008-05-14,59653685707,Dudley,57 Lien Hill,44000,Kokemäki,Primorsko-goranska,Osnovna škola Zima,3 Dexter Crossing,4,C,Medicine,5,Esme,Gouldbourn,2026-02-19,2025-09-27,,Profesor emeritus,2
115,Viki,Kubasek,2008-02-12,94037541809,Munroe,195 Pierstorff Junction,12345,Jāndiāla Sher Khān,Sisačko-moslavačka,Osnovna škola Crna rupa,986 Anhalt Point,1,G,Astronomy,1,Alane,Baldinotti,2025-09-10,2025-07-31,,Associate professor,2
116,Gannie,Gent,2008-02-27,90201435778,Rodolphe,2 Sherman Point,44500,Penebel,Međimurska,Osnovna škola Crna rupa,41 Saint Paul Junction,1,I,Marketing,4,Teddie,Daal,2026-03-04,2025-10-06,,Asistent,3
117,Freedman,Antoniewski,2010-02-26,22613412393,Ellswerth,980 Blackbird Trail,33400,Serang,Pazinska,Gimnazija Jesen,3 Washington Pass,4,A,Chemistry,1,Charmine,Steaning,2025-10-09,2026-07-22,,Predavac,3
118,Forester,Albiston,2011-08-23,69636486677,Burl,733 Sherman Point,77800,Longxing,Međimurska,Osnovna škola Cvijet,60584 Mariners Cove Alley,4,I,Architecture,3,Dianna,Piddletown,2026-01-26,2025-10-15,,Assistant professor,4
119,Toinette,Knowlson,2010-05-13,28451821408,Lynn,37196 Schmedeman Drive,66000,Osias,Zadarska,Umjetnička škola Oblak,44 Sugar Place,1,C,Veterinary,1,Beatrice,Antonietti,2025-08-15,2025-12-18,,Research professor,1
120,Rozele,Yakunchikov,2012-03-12,75395939587,Giffie,23 Tennyson Plaza,20000,Sremčica,Sisačko-moslavačka,Osnovna škola Ptica,0 Loeprich Road,3,D,Law,3,Lexis,Mulheron,2025-11-20,2026-03-07,,Visiting professor,1
121,Netty,Sheryn,2012-09-13,96414448631,Garrott,708 6th Terrace,44000,Buriti Bravo,Dubrovačko-neretvanska,Osnovna škola Zima,798 Myrtle Center,3,C,Chemistry,4,Maia,Luce,2025-12-10,2025-09-03,,Asistent,3
122,Valera,Newlands,2009-02-06,78001224926,Harlen,6125 Ruskin Avenue,20000,Tieremu,Krapinsko-zagorska,Osnovna škola Rijeka,571 Cherokee Junction,3,G,Philosophy,1,Tate,Jewkes,2026-04-24,2025-08-07,,Asistent,3
123,Sid,Favey,2011-04-28,85763732568,Paddie,577 Chinook Street,44500,Tayāsīr,Dubrovačko-neretvanska,Umjetnička škola Mars,674 Monica Circle,2,D,Criminal Justice,5,Hubert,Gambell,2025-08-23,2026-06-15,,Assistant professor,1
124,Joni,Garwill,2009-04-12,41981864836,Waylon,75 Glendale Plaza,33400,Szczawno-Zdrój,Osječko-baranjska,Srednja škola Mjesečina,3193 Golf Court,1,I,English,5,Vale,Horsewood,2026-03-16,2025-12-24,,Assistant professor,2
125,Robinet,Hancock,2010-08-16,98548584483,Yorgos,4 Northview Pass,12345,Ḩuraytān,Virovitičko-podravska,Tehnička škola Svemir,97 Independence Alley,1,I,Medicine,5,Sullivan,Bruhnsen,2026-06-02,2026-05-20,,Lecturer,4
126,Thurstan,Caulder,2012-06-02,96369555048,Brodie,8192 Aberg Center,11000,Xinglongchang,Vukovarsko-srijemska,Srednja škola Meteor,47 Ridge Oak Crossing,2,C,Chemistry,2,Bay,Broadfoot,2026-01-25,2026-06-26,,Assistant professor,4
127,Harriot,Gilbank,2009-09-29,39196439499,Marmaduke,21388 Vidon Road,33400,Pirapo,Varaždinska,Osnovna škola Ptica,33 Golf Center,3,E,Law,3,Tiphany,Redfearn,2025-11-15,2026-07-02,,Associate professor,3
128,Loree,Kearn,2011-11-29,54163234218,Lannie,95284 Mcbride Terrace,55600,Cajicá,Vukovarsko-srijemska,Gimnazija Komet,2 Memorial Circle,2,E,Physical Education,4,Meggie,Bengtson,2026-04-04,2025-09-30,,Visiting professor,2
129,Kent,Stoeck,2008-05-11,22756247755,Flynn,8296 Brentwood Circle,99000,28 de Noviembre,Splitsko-dalmatinska,Osnovna škola Saturn,13 Warner Parkway,2,D,Music,1,Desmond,Bladder,2025-10-13,2026-01-19,,Asistent,1
130,Kylynn,Pluthero,2010-01-31,46564869870,Gary,943 Pond Avenue,44500,Sindangsari,Virovitičko-podravska,Srednja škola Mjesečina,3 Summerview Street,1,A,Criminal Justice,3,Avrit,Heynen,2025-08-27,2026-04-30,,Profesor emeritus,3
131,Kelby,Yair,2009-10-07,34610321704,Vladimir,81688 Dottie Hill,20000,Areguá,Zagrebačka,Srednja škola Supernova,6 Eagle Crest Center,3,E,Astronomy,4,Elbertina,Bodocs,2026-06-03,2025-08-07,,Predavac,5
132,Lucina,Gumbrell,2009-05-18,52764290716,Sandy,5 Rieder Parkway,55600,Zhanaozen,Koprivničko-križevačka,Gimnazija Zvijezda,209 Debs Court,1,H,Law,1,Ursula,Featonby,2026-02-28,2026-07-17,,Predavac,2
133,Shaine,Nourse,2009-03-03,85839487011,Ansel,3 2nd Court,66700,Zhitan,Osječko-baranjska,Srednja škola Brdo,54 Forest Crossing,1,H,Art,3,Gabie,Hould,2026-07-24,2026-01-20,,Profesor emeritus,5
134,Doyle,Britian,2010-06-25,48781392219,Rudolph,96727 Bartillon Trail,88000,Loureiro,Bjelovarsko-bilogorska,Srednja škola Ljeto,37559 Orin Street,4,A,Music,2,Amie,McMurdo,2026-06-13,2025-11-12,,Docent,5
135,Darwin,Elsworth,2009-08-31,55359020923,Garrard,6 Straubel Center,55600,Isperikh,Istarska,Osnovna škola Sunce,7295 Vera Terrace,1,I,Music,4,Krishna,McKinty,2026-02-01,2025-08-16,,Associate professor,4
136,Vikky,Ballantyne,2012-11-19,35203099386,Whitney,26 Browning Center,44000,Yūki,Pazinska,Srednja škola More,672 Lawn Road,3,A,Dentistry,3,Aubine,Farmloe,2026-01-08,2026-05-23,,Visiting professor,3
137,Tanney,Charer,2011-01-01,64591943205,Kimbell,41 Carberry Avenue,88000,Kalidung,Zadarska,Srednja škola Ljeto,3 Becker Point,2,F,Philosophy,5,Kit,Ruvel,2025-10-11,2026-06-23,,Assistant professor,4
138,Aurie,Dodamead,2009-08-09,91118072442,Morie,4 Twin Pines Court,33400,Ngunguru,Splitsko-dalmatinska,Srednja škola Ljeto,588 4th Circle,2,H,English,3,Marita,Cottrill,2025-08-11,2026-07-07,,Asistent,2
139,Tamas,Tall,2010-12-16,82780348829,Isador,4797 Luster Place,55600,Dunlewy,Bjelovarsko-bilogorska,Osnovna škola Zvijezda,26 Helena Plaza,1,F,Environmental Science,3,Amity,Ovell,2025-08-22,2025-10-20,,Docent,2
140,Jesselyn,Radband,2008-05-10,91638455011,Fonsie,64672 Sunbrook Alley,88000,Oslo,Karlovačka,Srednja škola Planeta,39910 Everett Way,2,H,Marketing,3,Zaria,Kloisner,2026-04-29,2025-08-15,,Predavac,1
141,Merralee,Obeney,2010-05-07,10639780433,Web,42 Golf View Circle,55000,Nampicuan,Osječko-baranjska,Osnovna škola Voda,970 Westerfield Point,3,I,Criminal Justice,2,Alia,Kaysor,2026-04-08,2026-03-14,,Profesor emeritus,3
142,Roxy,Arni,2012-06-18,89271347767,Berkeley,1 Mandrake Avenue,77800,Baguim do Monte,Pazinska,Srednja škola Mjesec,6275 Hanson Point,3,G,Medicine,2,Braden,Faltskog,2026-07-10,2025-09-17,,Predavac,2
143,Tony,Godbehere,2010-12-24,22777391073,Hillier,612 Mayfield Place,54321,El Carmen,Vukovarsko-srijemska,Umjetnička škola Sunce,51960 Rutledge Hill,1,C,Marketing,1,Guillema,Alejandri,2026-01-25,2026-06-23,,Docent,1
144,Trey,Mayler,2012-04-05,98260397474,Eliot,303 Lindbergh Pass,66000,Kasimov,Istarska,Srednja škola Supernova,61941 Stephen Street,4,D,History,2,Alan,Braycotton,2026-05-14,2025-09-13,,Profesor emeritus,5
145,Reyna,Fry,2009-11-10,62599340467,Alexander,6 Corry Park,11000,Yuanjiazhuang,Zagrebačka,Osnovna škola Asteroid,451 Welch Crossing,2,I,Economics,3,Stacey,Pedrazzi,2026-06-17,2026-04-12,,Profesor emeritus,2
146,Nikoletta,Binning,2012-09-01,56527719410,Rory,0397 Hanover Way,66700,Cubará,Osječko-baranjska,Osnovna škola Snijeg,03124 New Castle Road,1,A,Sociology,1,Antoinette,Riccardini,2026-01-17,2026-07-29,,Adjunct professor,1
147,Rob,Saggs,2010-10-09,58052452234,Steward,53995 Gerald Street,77000,Arjona,Dubrovačko-neretvanska,Srednja škola Zemlja,5959 Elmside Parkway,4,F,Anthropology,3,Corrina,Doding,2026-03-04,2025-11-06,,Visiting professor,4
148,Kim,Yakobowitz,2012-12-03,45357300038,Emanuele,9680 Melrose Drive,12345,Bantawora,Međimurska,Gimnazija Jesen,06 Corscot Point,1,I,Medicine,5,Bernadette,Costerd,2025-12-24,2026-07-15,,Docent,2
149,Germaine,Nelmes,2008-10-05,71875715540,Antone,09 Mandrake Way,54321,Altıağac,Brodsko-posavska,Srednja škola Otok,15 International Hill,3,I,Criminal Justice,5,Blondy,Skitteral,2025-08-23,2025-12-28,,Asistent,2
150,Hall,Cartmail,2010-11-30,18639367352,Ramsay,26382 Center Alley,22300,Pilaya,Karlovačka,Srednja škola Supernova,23418 Arkansas Center,3,H,Nursing,2,Jenn,Buchanan,2025-08-02,2026-03-28,,Visiting professor,1
151,Dulciana,Skehens,2011-01-03,38297276406,Vincents,84028 Messerschmidt Lane,66000,Nowosielce-Gniewosz,Šibensko-kninska,Osnovna škola Planeta X,9350 Old Shore Way,3,D,Psychology,4,Curran,Bogeys,2025-11-06,2025-08-06,,Lecturer,4
152,Frasquito,Smalles,2010-09-15,68348674907,Lyle,92778 Lotheville Circle,35000,San Antonio,Brodsko-posavska,Osnovna škola Snijeg,49904 Vernon Court,4,A,English,2,Juli,Bradburn,2025-10-05,2026-07-04,,Assistant professor,1
153,Cherrita,Mattiassi,2009-11-06,21651982388,Alex,4017 Dakota Lane,66000,Cabak Satu,Brodsko-posavska,Osnovna škola Ptica,24 Reinke Road,2,E,Chemistry,2,Emeline,Douch,2026-04-05,2026-06-09,,Profesor emeritus,4
154,Kristo,Northall,2009-10-28,14350462885,Morten,05494 Hooker Crossing,99000,Aldeia,Istarska,Gimnazija Drvo,08818 Derek Alley,4,D,Geography,3,Ema,Pridmore,2026-03-01,2026-07-03,,Adjunct professor,3
155,Serene,Agass,2008-03-26,87207599458,Edgard,264 Ridgeway Hill,54321,Hanamaki,Lika-senjska,Osnovna škola Rijeka,143 Evergreen Park,4,F,Medicine,5,Lamont,Aarons,2025-12-15,2026-01-28,,Profesor emeritus,4
156,Yard,Kisbee,2010-02-11,61438389613,Fair,23941 Mockingbird Park,77800,Rantaupanjang,Požeško-slavonska,Umjetnička škola Sunce,5 Corry Crossing,3,F,Physics,4,Shaylyn,McFee,2025-08-20,2026-07-05,,Assistant professor,3
157,Tiertza,Wankling,2010-08-09,70551903992,Jarrett,34723 Portage Place,88900,José Bonifácio,Splitsko-dalmatinska,Osnovna škola Sunce,6741 Pankratz Avenue,1,F,Accounting,4,Rochelle,Whybray,2026-02-23,2025-08-12,,Predavac,5
158,Klement,Kingham,2008-06-28,17994603122,Brandy,71 Cardinal Way,55600,Setanggor,Dubrovačko-neretvanska,Gimnazija Zvijezda,616 Swallow Hill,2,G,Chemistry,1,Rebeka,Deble,2026-05-03,2025-10-20,,Associate professor,2
159,Catlaina,Dulanty,2010-11-29,22835484758,Davidson,29735 Sycamore Parkway,88000,Ilagan,Splitsko-dalmatinska,Gimnazija Jesen,6915 John Wall Plaza,1,F,Literature,1,Rochella,Dowbakin,2025-12-26,2025-08-15,,Asistent,2
160,Corry,Bustard,2008-03-01,40140800954,Abel,77 Vermont Drive,12345,Halmstad,Koprivničko-križevačka,Osnovna škola Crna rupa,04670 Hansons Park,1,A,Economics,3,Blondelle,Wensley,2026-04-05,2026-06-29,,Associate professor,2
161,Adda,Mangeney,2009-11-30,68406169283,Mordecai,57 Granby Terrace,11000,Obiaruku Quarters,Pazinska,Tehnička škola Kiša,55 Crescent Oaks Hill,2,A,Astronomy,4,Randie,Rockey,2025-11-15,2026-07-24,,Assistant professor,1
162,Duky,MacGee,2009-06-25,87916188297,Wainwright,0 Dixon Junction,44000,Santa Cruz,Lika-senjska,Tehnička škola Jupiter,6759 Mendota Plaza,4,G,Law,3,Tailor,Burgane,2026-01-08,2026-05-30,,Visiting professor,4
163,Verine,Silverthorne,2009-10-07,83089125645,Arley,9326 Maywood Court,44000,Pirapozinho,Sisačko-moslavačka,Srednja škola Galaksija,6287 Maple Court,4,C,Mathematics,1,Twila,Antognoni,2026-04-13,2026-03-10,,Research professor,5
164,Belle,Greenough,2009-08-03,73701571324,Irwin,09 Commercial Avenue,33400,Lapa,Primorsko-goranska,Osnovna škola Pustinja,088 Graedel Junction,4,D,Economics,1,Damita,Sleany,2026-02-03,2026-07-05,,Assistant professor,2
165,Clair,Heine,2010-03-04,82250739579,Ade,7 Corben Avenue,11000,Ballivor,Šibensko-kninska,Srednja škola Zemlja,2907 Hansons Place,2,C,History,3,Eunice,Isacsson,2026-03-03,2025-08-11,,Adjunct professor,4
166,Michell,Bum,2010-08-02,19155286141,Zachary,589 Troy Center,11200,Shaydon,Brodsko-posavska,Osnovna škola Zima,5 Warrior Drive,4,F,Nursing,4,Neysa,Cranna,2026-03-05,2026-03-07,,Research professor,2
167,Husain,Axleby,2012-11-15,64913236269,Damien,24340 Menomonie Avenue,77000,Fulu,Zagrebačka,Gimnazija Cvijet,32243 Di Loreto Alley,2,I,Astronomy,1,Sheff,Stichall,2026-03-14,2026-02-23,,Predavac,4
168,Gabbie,Guidi,2009-10-18,89855167665,Daron,7 Vernon Parkway,44500,Verkhniy Landekh,Međimurska,Gimnazija Drvo,93 Columbus Circle,2,E,Dentistry,1,Sanson,Thebeaud,2026-05-09,2025-09-13,,Profesor emeritus,2
169,Sara,Gribbin,2012-09-08,31351162337,Beltran,86683 Shoshone Center,99000,Seredeyskiy,Krapinsko-zagorska,Osnovna škola Saturn,86813 Transport Trail,2,B,Psychology,4,Annamaria,Parfett,2025-11-01,2025-11-17,,Assistant professor,2
170,Nester,Shellum,2010-03-06,27383962877,Malvin,6 Moulton Street,99000,Thul,Zadarska,Osnovna škola Rijeka,59762 Debra Street,2,G,Psychology,3,Gabie,Prinne,2026-07-13,2025-08-24,,Asistent,3
171,Wainwright,Mallock,2011-08-20,33889020589,Lutero,18589 Crescent Oaks Terrace,44500,Juzhen,Zadarska,Srednja škola Proljeće,1891 Bluestem Drive,3,D,Biology,5,Mellisent,Pratley,2026-07-02,2025-11-06,,Visiting professor,1
172,Elsy,Glazebrook,2012-11-17,27080335308,Job,01 Springs Parkway,88900,Maputi,Vukovarsko-srijemska,Osnovna škola Saturn,1106 Clove Street,2,J,Nursing,1,Saleem,Bunston,2025-08-29,2025-12-23,,Adjunct professor,3
173,Huntington,Golsthorp,2009-11-21,75412273130,Lorens,2697 Katie Hill,44500,Shiqiao,Splitsko-dalmatinska,Osnovna škola Zvijezda,5 Jenifer Plaza,4,A,Law,4,Breanne,Glastonbury,2026-02-16,2026-05-02,,Predavac,1
174,Hannis,Bordes,2012-08-14,47870341098,Damien,875 Fair Oaks Place,55600,Ostashkov,Brodsko-posavska,Srednja škola Proljeće,24003 Chive Circle,4,G,Marketing,3,Josselyn,Canfer,2026-02-28,2025-12-03,,Associate professor,1
175,Walliw,Heliot,2008-07-08,88888825279,Bengt,338 Stang Circle,55000,Clermont-Ferrand,Vukovarsko-srijemska,Srednja škola Planeta,0845 Burrows Point,2,E,Accounting,2,Glen,Hulson,2025-09-27,2026-05-07,,Lecturer,5
176,Kalila,Clemendet,2012-07-20,72242085917,Tristan,4271 Maple Wood Hill,55000,Amassoma,Krapinsko-zagorska,Srednja škola Proljeće,341 Schmedeman Terrace,1,A,Law,4,Mack,Pietruszka,2026-07-01,2026-05-31,,Predavac,5
177,Merralee,Ivashkov,2008-07-16,64607412983,Rustie,28195 Washington Crossing,35000,Taquarituba,Istarska,Umjetnička škola Sunce,1563 Parkside Road,3,J,Criminal Justice,1,Miquela,Breem,2026-05-08,2026-04-16,,Assistant professor,2
178,Camile,Lembcke,2009-03-17,24174205413,Gearalt,68 Union Center,35000,Santiago Atitlán,Pazinska,Osnovna škola Zima,78 Anniversary Plaza,1,D,Sociology,5,Karleen,Van't Hoff,2025-10-13,2026-01-24,,Associate professor,4
179,Kahlil,Burbury,2012-01-04,46868309951,Hagen,95221 Chive Avenue,20000,Tococ East,Brodsko-posavska,Osnovna škola Snijeg,517 East Trail,3,C,Nursing,5,Camel,Abramov,2026-05-25,2026-06-05,,Assistant professor,5
180,Nanette,Emmot,2008-09-09,37574216604,Perren,29828 American Junction,44500,Besuki,Sisačko-moslavačka,Srednja škola Planeta,10434 Rusk Lane,2,B,Marketing,3,Glynn,Anglin,2026-07-28,2026-04-21,,Docent,4
181,Othilia,Gossage,2009-01-02,67823605552,Kristoffer,230 Reindahl Park,11200,Mtsensk,Brodsko-posavska,Osnovna škola Trava,5 Ridgeway Point,3,I,Physical Education,4,Brear,Willard,2026-07-10,2025-11-11,,Associate professor,4
182,Vladamir,Shales,2008-07-01,70962098946,Carlin,594 David Park,20000,Lukulu,Krapinsko-zagorska,Osnovna škola Ptica,96 Huxley Trail,2,H,Criminal Justice,4,Modesta,Fryer,2026-02-24,2026-04-11,,Docent,2
183,Gabrila,Yitzhakof,2012-01-21,71884440276,Cleon,2 Algoma Court,11200,Yushugou,Zadarska,Tehnička škola Val,5242 Elka Point,4,F,English,1,Marilee,Jeandon,2025-08-09,2026-06-15,,Profesor emeritus,1
184,Pasquale,Blincoe,2010-09-30,65080099116,Eugen,3879 Chinook Street,77000,Tuapse,Koprivničko-križevačka,Srednja škola More,7 Cascade Avenue,3,F,Computer Science,1,Dominique,Grogor,2025-12-05,2025-09-05,,Docent,5
185,Florian,Carnie,2008-06-18,75714256590,Anson,8033 Northland Plaza,77800,Hrvatska Kostajnica,Dubrovačko-neretvanska,Gimnazija Vjetar,32142 Melby Alley,4,I,Nursing,5,Tuck,Jeenes,2026-04-04,2026-06-26,,Profesor emeritus,3
186,Alwyn,Ramshay,2011-01-04,80537393413,Gaultiero,90704 Doe Crossing Junction,88000,Agrínio,Karlovačka,Osnovna škola Snijeg,19469 Gina Road,2,E,Astronomy,1,Roberta,Webborn,2026-05-04,2026-04-05,,Associate professor,3
187,Klarika,Jouanny,2012-02-27,24907278950,Hill,9203 Oak Center,77800,Kowala,Karlovačka,Osnovna škola Saturn,6 Derek Street,2,J,Environmental Science,5,Gerick,Kearn,2026-05-12,2025-10-24,,Assistant professor,1
188,Flint,Sargint,2009-05-22,83973919122,Claus,04175 Havey Terrace,99000,Santa Fé do Sul,Bjelovarsko-bilogorska,Umjetnička škola Nebesko tijelo,8 Hagan Hill,1,D,Philosophy,4,Bride,Grimwade,2025-08-26,2025-10-25,,Asistent,1
189,Josselyn,Romaint,2008-11-02,82647334135,Tracie,2 Southridge Drive,99000,Mandalgovi,Virovitičko-podravska,Osnovna škola Zvijezda,9 La Follette Pass,1,E,Physics,4,Jaime,Moughton,2025-09-20,2025-09-19,,Predavac,5
190,Donnell,Antecki,2010-08-20,63027548742,Valdemar,94 Northport Drive,66000,Gongqiao,Bjelovarsko-bilogorska,Srednja škola Otok,6 Ridge Oak Way,2,H,History,5,Hephzibah,Pisculli,2026-07-24,2025-10-20,,Visiting professor,1
191,Naoma,Hasted,2009-06-05,33376690689,Darby,70037 Steensland Pass,22300,Luoxiong,Osječko-baranjska,Gimnazija Jesen,8 Texas Terrace,4,J,Mathematics,5,Flossy,Musslewhite,2025-08-28,2025-12-05,,Asistent,3
192,Timothea,Scopham,2011-07-09,11830483499,Eben,12713 Nova Terrace,44000,Santa Lucia,Požeško-slavonska,Umjetnička škola Sunce,74645 Chive Court,2,D,Mathematics,1,Shel,Callcott,2026-01-29,2026-04-24,,Associate professor,4
193,Goldie,Pantridge,2010-01-23,95996152788,Caleb,86954 Huxley Parkway,77800,Anshun,Vukovarsko-srijemska,Gimnazija Cvijet,2791 Wayridge Park,1,C,Music,5,Frannie,Boynes,2026-06-23,2025-09-29,,Predavac,5
194,Madlin,Chittleburgh,2011-07-14,43909887461,Elnar,9152 Moose Avenue,99000,Koshki,Primorsko-goranska,Gimnazija Drvo,3 Reinke Drive,4,G,Physical Education,1,Benetta,Barlee,2025-12-14,2026-06-01,,Visiting professor,1
195,Tallia,Gillings,2009-11-13,36921847984,Farlie,41282 Eliot Drive,99000,Soio,Osječko-baranjska,Srednja škola Planeta,9122 Arizona Lane,4,J,Marketing,3,Thomasina,Endley,2026-06-11,2026-03-15,,Adjunct professor,1
196,Justus,Jedraszek,2008-01-01,89465347578,Nelson,46235 Village Green Crossing,99000,Houston,Koprivničko-križevačka,Osnovna škola Rijeka,7614 Commercial Circle,4,F,Dentistry,3,Johannah,Tree,2025-08-29,2026-01-27,,Docent,5
197,Sophronia,MacDiarmid,2008-04-30,84557619414,Fulton,07779 Haas Lane,44000,Bateria,Požeško-slavonska,Tehnička škola Oblak,0 Hudson Road,4,C,Business,2,Kate,Lincoln,2025-11-19,2025-09-27,,Lecturer,2
198,Sheilakathryn,Paschek,2010-08-08,62843357407,Ody,6413 Superior Lane,99000,Valledupar,Dubrovačko-neretvanska,Osnovna škola Zima,245 Fordem Place,4,A,Accounting,1,Barnaby,Kasher,2026-04-11,2025-10-13,,Assistant professor,4
199,Cora,Pimblett,2012-06-22,48156763774,Onfre,2 Division Point,99000,Svatava,Istarska,Gimnazija Komet,46 Chive Place,1,H,History,5,Ivor,Wauchope,2025-10-08,2026-04-07,,Docent,5
200,Hammad,Haspineall,2008-02-29,33311766513,Karlik,35 Farwell Pass,44500,Jatirejo,Međimurska,Osnovna škola Voda,41636 Monica Circle,4,A,Economics,1,Noam,Sent,2026-02-25,2026-04-21,,Adjunct professor,2
201,Hobart,Batthew,2010-06-12,12274012923,Riobard,7 Loftsgordon Crossing,12345,Martyush,Primorsko-goranska,Osnovna škola Cvijet,57896 Vidon Way,2,B,Psychology,2,Domeniga,Presswell,2025-11-04,2026-02-21,,Docent,4
202,Neille,Friberg,2012-10-24,94671882078,Launce,7377 Nevada Road,77000,Shuya,Karlovačka,Srednja škola Planeta,047 Sundown Way,1,B,Mathematics,2,Hedwig,Ventris,2025-10-18,2026-05-11,,Lecturer,1
203,Timoteo,Cardo,2011-10-16,31569396632,Natal,6003 Service Alley,44000,Svoge,Brodsko-posavska,Tehnička škola Jupiter,05024 Rockefeller Circle,4,E,Dentistry,5,Gayleen,Sands-Allan,2026-04-02,2025-11-08,,Assistant professor,1
204,Claudian,McDougald,2010-04-03,47513965146,Haydon,3 Oxford Parkway,33400,Clearwater,Istarska,Umjetnička škola Nebesko tijelo,45 Merchant Place,3,G,Psychology,2,Mason,Losbie,2026-05-06,2025-10-17,,Visiting professor,2
205,Riordan,Lisamore,2010-05-30,18528398915,Milton,3683 Saint Paul Avenue,66000,Zolochiv,Bjelovarsko-bilogorska,Umjetnička škola Mjesec,1703 Helena Way,4,F,Geography,4,Nessie,FitzGilbert,2025-11-21,2026-06-16,,Asistent,2
206,Nickey,Grisard,2009-06-26,73309036647,Barthel,68254 Kipling Avenue,66700,Sainte-Geneviève-des-Bois,Krapinsko-zagorska,Srednja škola Galaksija,65 Petterle Parkway,3,A,Economics,1,Fowler,Chancelier,2026-05-09,2025-12-17,,Asistent,5
207,Trixie,Hazelden,2008-07-17,94637660523,Brandtr,05 Roxbury Lane,66700,Morcolla,Zagrebačka,Tehnička škola Svemir,70 Spohn Junction,3,G,Mathematics,3,Caresa,Choake,2025-08-23,2025-10-12,,Research professor,5
208,Shaine,Kapiloff,2008-07-15,17108995057,Ax,15 Linden Place,77800,Sampao,Karlovačka,Osnovna škola Zima,9 Jenifer Alley,2,H,Chemistry,2,Marjorie,Bogays,2025-11-28,2025-09-06,,Visiting professor,4
209,Stepha,Keller,2010-01-17,26847863726,Butch,403 Grim Street,35000,Huangzhawan,Krapinsko-zagorska,Srednja škola Zemlja,686 Crest Line Avenue,1,F,Marketing,4,Meredith,Pero,2026-03-28,2026-03-12,,Assistant professor,2
210,Rahel,Barensen,2012-10-09,82820762446,Giselbert,911 Hazelcrest Center,66700,Carrascal,Međimurska,Umjetnička škola Oblak,2435 7th Pass,1,G,Political Science,5,Danyette,Pimblott,2025-12-24,2026-05-15,,Assistant professor,4
211,Marlon,Broadhead,2009-09-06,19240255343,Tiebold,87 Brickson Park Court,77000,Padangsidempuan,Karlovačka,Osnovna škola Saturn,360 Stoughton Terrace,3,C,Political Science,3,Carmelia,Gaishson,2025-08-19,2026-01-15,,Lecturer,1
212,Toddie,Coit,2012-06-17,46428086725,Swen,53 Evergreen Road,66700,Olonets,Zadarska,Osnovna škola Asteroid,59 Schiller Court,2,I,Marketing,2,Lovell,Whilde,2026-01-17,2026-06-04,,Predavac,2
213,Kleon,Verson,2008-06-06,55106661364,Micky,9 Vera Avenue,44500,Dajing,Splitsko-dalmatinska,Umjetnička škola Sunce,63519 Susan Trail,1,E,Anthropology,1,Amaleta,Nisbith,2026-02-19,2025-09-10,,Assistant professor,1
214,Ronna,Rickhuss,2011-06-28,53384480852,Alfons,88 Comanche Road,11200,Mora,Virovitičko-podravska,Srednja škola Mjesečina,77162 Comanche Street,1,A,Astronomy,2,Margaux,Bilbrook,2025-11-29,2025-09-04,,Asistent,5
215,Latia,Jendrusch,2011-10-28,98953216063,Gardiner,8172 Duke Street,54321,Kthella e Epërme,Krapinsko-zagorska,Osnovna škola Šuma,54 Tony Alley,1,I,Economics,4,Gunther,Bushe,2026-05-25,2025-11-05,,Docent,5
216,Burty,Kennham,2010-07-13,32265082441,Arther,02053 Magdeline Junction,99000,Mabasa,Brodsko-posavska,Umjetnička škola Mars,3591 Buena Vista Drive,2,H,Business,2,Bebe,Smerdon,2025-09-06,2025-11-28,,Lecturer,5
217,Dolf,Tysack,2008-11-15,62738715456,Papageno,39 Hayes Center,44000,Antofagasta,Virovitičko-podravska,Osnovna škola Zima,11 Holmberg Junction,1,J,Architecture,4,Luce,Horley,2026-01-09,2025-08-14,,Research professor,2
218,Fiorenze,Niche,2010-11-03,32992028954,Rockie,32166 Farragut Point,88900,Springfield,Istarska,Osnovna škola Asteroid,4817 Corry Street,1,B,Biology,1,Jarrett,Boost,2025-10-01,2025-11-07,,Adjunct professor,5
219,Zebulon,Berndt,2010-09-14,27929181304,Boot,60 Porter Avenue,54321,Al Munīrah,Sisačko-moslavačka,Osnovna škola Saturn,5 Butterfield Circle,4,E,Sociology,5,Jeanelle,Jemmison,2026-07-11,2026-02-15,,Predavac,5
220,Shell,Whelband,2012-08-10,76085757913,Dirk,2 Oak Place,66000,Cernay,Osječko-baranjska,Osnovna škola Planina,52 Lotheville Drive,2,F,Computer Science,3,Dasi,Iacomettii,2026-03-04,2026-03-03,,Docent,3
221,Ryan,Braxton,2009-03-25,54394542417,Billy,9223 6th Lane,88000,Serra D'El Rei,Požeško-slavonska,Osnovna škola Planeta X,1922 Badeau Crossing,4,F,Medicine,2,Rees,Middlemist,2026-01-16,2025-10-02,,Profesor emeritus,5
222,Erminia,Brian,2009-10-30,81854767779,Geoffry,16936 Sundown Crossing,77000,Świlcza,Međimurska,Osnovna škola Zima,221 Blackbird Trail,1,C,Psychology,1,Kane,Lattin,2026-07-07,2026-07-25,,Assistant professor,1
223,Mellisent,Viollet,2010-02-26,83348300269,Esteban,75 Towne Junction,11000,Dřiteň,Međimurska,Osnovna škola Asteroid,4 Nancy Pass,4,J,Psychology,2,Kain,Cluney,2026-03-17,2025-12-13,,Predavac,4
224,Hilarius,Upwood,2010-03-22,52774257940,Mitchael,60454 Toban Avenue,77800,Magan,Varaždinska,Osnovna škola Šuma,22 Anderson Lane,1,F,Medicine,4,Orton,Hoovart,2026-02-06,2025-08-05,,Associate professor,2
225,Beauregard,Hyman,2011-08-30,39819979414,Garrot,060 Maple Lane,33400,Dokuchayevs’k,Brodsko-posavska,Srednja škola Planeta,329 Grim Street,3,D,Law,2,Cece,Eaglesham,2026-05-28,2026-06-30,,Adjunct professor,5
226,Ariel,Tindall,2009-04-27,88079780603,Freemon,6 Vidon Parkway,55000,Stockholm,Vukovarsko-srijemska,Umjetnička škola Oblak,144 Tony Street,4,E,English,4,Lila,Rugieri,2025-12-31,2026-03-19,,Visiting professor,1
227,Brook,Joye,2010-10-18,28525847552,Lee,7260 Manley Way,99000,Yotsukaidō,Karlovačka,Gimnazija Komet,83169 Northview Trail,2,C,Veterinary,3,Glennis,Klimentyev,2026-01-07,2025-09-30,,Visiting professor,2
228,Franklyn,Mayou,2008-05-02,22678175587,Esdras,42 Parkside Road,88900,Parelhas,Virovitičko-podravska,Tehnička škola Kiša,54 Marcy Center,3,F,Architecture,1,Gusta,Davisson,2025-10-26,2026-07-22,,Research professor,2
229,Tildie,Verrillo,2009-12-24,92695567301,Johny,9057 Judy Junction,20000,Staraya Toropa,Brodsko-posavska,Srednja škola Meteor,3 Charing Cross Crossing,4,H,Political Science,4,Ashlen,Crampin,2025-12-26,2025-10-21,,Visiting professor,1
230,Rosanna,Woliter,2009-03-19,32707688617,Myrvyn,95774 Ridge Oak Plaza,55600,Āq Qāyeh,Međimurska,Gimnazija Drvo,7350 Aberg Center,3,J,Economics,3,Tedra,MacTrustrie,2025-12-06,2025-10-21,,Research professor,4
231,Kippy,Simon,2011-05-05,63151470999,Zach,4851 New Castle Terrace,99000,Outlook,Vukovarsko-srijemska,Osnovna škola Sunce,83297 Bultman Hill,3,E,Business,2,Zacherie,Biddell,2026-03-21,2026-02-22,,Visiting professor,4
232,Junette,Leishman,2012-03-26,21351450218,Morgan,009 Westerfield Road,77000,Longford,Šibensko-kninska,Osnovna škola Sunce,3412 Florence Street,3,F,History,5,Brennan,Cordall,2026-01-03,2025-09-08,,Adjunct professor,3
233,Jay,Lamke,2012-02-13,92705082052,Dirk,834 Manitowish Lane,44000,Tsalka,Šibensko-kninska,Osnovna škola Cvijet,3236 Center Drive,3,C,Physical Education,3,Fawnia,Voelker,2025-10-07,2026-07-26,,Asistent,1
234,Roana,Bernardez,2008-04-29,13133388906,Brett,548 Eggendart Park,99000,Hernando,Bjelovarsko-bilogorska,Osnovna škola Zvijezda,4237 Homewood Street,1,D,Economics,3,Elladine,Lohrensen,2026-06-28,2026-07-16,,Docent,1
235,Joane,Witch,2010-05-02,67958291995,Quinlan,19657 Clemons Junction,77000,Jingcheng,Bjelovarsko-bilogorska,Umjetnička škola Sunce,7 5th Crossing,1,H,Law,5,Rosalyn,Bartalini,2025-10-09,2026-05-05,,Asistent,4
236,Ned,Meric,2008-03-10,31808039208,Hamid,33955 Monica Place,88900,Větřní,Vukovarsko-srijemska,Osnovna škola Rijeka,5493 2nd Lane,1,F,Literature,4,Dynah,Impy,2026-07-26,2026-05-09,,Research professor,4
237,Roderich,Skitch,2012-05-18,68142973669,Sheff,91375 Washington Terrace,99000,Duyên Hải,Zadarska,Srednja škola Mjesečina,15 Westend Center,3,D,Accounting,3,Theresita,Gierke,2026-01-12,2026-03-24,,Adjunct professor,4
238,Gustavus,Kemell,2012-03-09,30538441856,Sebastian,01 Namekagon Lane,11000,Summerside,Zadarska,Umjetnička škola Nebesko tijelo,5173 Bluestem Crossing,3,G,Law,2,Raimundo,Cure,2025-12-13,2025-08-21,,Docent,5
239,Joete,Collymore,2010-11-26,54033258112,Lloyd,9477 Melvin Parkway,55600,Abbeville,Splitsko-dalmatinska,Tehnička škola Val,3 Mariners Cove Point,3,D,Criminal Justice,3,Suellen,Soppeth,2025-08-23,2025-10-05,,Docent,3
240,Katina,Lundy,2012-02-10,75141088172,Vale,825 Randy Hill,66000,Kuafeu,Koprivničko-križevačka,Tehnička škola Kiša,3638 Bartelt Parkway,2,G,Sociology,1,Koenraad,Winchcombe,2026-07-20,2026-03-20,,Adjunct professor,1
241,Lisha,Cutchee,2010-05-07,54966977844,Pincas,24 Lakewood Pass,66000,Sigay,Zagrebačka,Srednja škola Planeta,3 7th Lane,4,F,Literature,3,Aland,Matton,2026-04-05,2026-06-07,,Visiting professor,2
242,Tim,Langlands,2010-07-02,35867684188,Ross,8 Fairview Trail,44500,Pasadena,Krapinsko-zagorska,Gimnazija Drvo,75197 Artisan Junction,4,B,Chemistry,3,Helene,Ladson,2026-07-11,2026-07-19,,Assistant professor,2
243,Blakeley,O'Scandall,2009-02-19,55617720533,Webster,1 Artisan Avenue,12345,Xiangfu,Vukovarsko-srijemska,Umjetnička škola Sunce,00 Bartillon Hill,3,C,Astronomy,1,Marcelo,Farragher,2026-05-18,2026-01-27,,Predavac,5
244,Eddie,Gerge,2008-11-28,40647738020,Alfy,63238 Valley Edge Avenue,11200,Baidian,Požeško-slavonska,Tehnička škola Jupiter,7 Loeprich Pass,3,I,Marketing,4,Orly,Whistlecroft,2026-05-23,2025-11-20,,Visiting professor,1
245,Catha,Leyban,2008-02-29,48995158033,Augy,56 Golden Leaf Trail,99000,Pancas,Međimurska,Osnovna škola Zima,6644 Onsgard Alley,4,A,Sociology,3,Carroll,Guppie,2026-01-23,2025-08-18,,Assistant professor,5
246,Iorgo,Messruther,2009-01-15,25234744747,Glyn,98425 Grover Way,66700,Vancouver,Pazinska,Umjetnička škola Oblak,94580 Dunning Center,4,H,Biology,3,Artemis,Neathway,2026-01-30,2025-12-09,,Lecturer,1
247,Arv,Foystone,2010-04-17,58159371875,Solomon,5509 Esch Crossing,12345,Černilov,Zadarska,Tehnička škola Val,1593 Stone Corner Terrace,4,H,Art,1,Freddy,Ortiga,2025-10-18,2025-09-01,,Docent,3
248,Temp,Petkov,2012-01-07,77804730972,Rafaello,82741 Pine View Trail,44000,Yukou,Varaždinska,Osnovna škola Univerzum,64610 Crownhardt Junction,2,D,Philosophy,3,Genevra,Ferrieres,2026-01-06,2026-03-09,,Visiting professor,1
249,Ameline,Minithorpe,2009-04-23,52195096277,Minor,37511 Hintze Parkway,35000,Olympia,Zagrebačka,Osnovna škola Saturn,09652 Stone Corner Lane,4,F,Computer Science,4,Elias,Comusso,2025-08-14,2026-02-25,,Adjunct professor,2
250,Bobbi,Gudahy,2008-04-18,10677229525,Jedd,289 Logan Junction,20000,Veselí nad Lužnicí,Koprivničko-križevačka,Gimnazija Jesen,09 Duke Center,2,B,Psychology,2,Pennie,Barneveld,2025-09-11,2026-07-12,,Lecturer,4
251,Sunshine,Aleksic,2008-04-07,24484041556,Salvatore,8800 Oak Valley Road,20000,San Juan,Međimurska,Osnovna škola Zvijezda,9115 Bellgrove Alley,3,F,Mathematics,3,Mariele,Arnout,2026-01-14,2025-08-04,,Associate professor,3
252,Rosette,Ouslem,2012-04-02,77935008278,Thebault,0 Drewry Circle,54321,Xuri,Osječko-baranjska,Gimnazija Zvijezda,93927 Badeau Road,2,H,Chemistry,2,Merrile,Tithecott,2026-03-04,2026-02-26,,Lecturer,4
253,Dael,Mallows,2010-08-15,11622670111,Trefor,5557 Melrose Place,77000,Gaocun,Istarska,Srednja škola Mjesec,572 Butterfield Crossing,3,F,English,1,Jacquenette,Skokoe,2025-10-10,2025-09-21,,Adjunct professor,1
254,Rhys,Tilbey,2010-05-26,63956553466,Herrick,397 Brickson Park Junction,54321,Nyköping,Varaždinska,Osnovna škola Snijeg,868 Little Fleur Point,1,H,Astronomy,5,Rafi,Cotesford,2025-10-19,2025-08-01,,Assistant professor,5
255,Desmond,Atkins,2010-09-26,36377238856,Rabbi,6 North Road,22300,Zuya,Sisačko-moslavačka,Osnovna škola Zima,43 Porter Road,3,F,Medicine,5,Winifred,Coggill,2025-12-30,2026-04-19,,Docent,2
256,Rafaello,Simacek,2009-04-27,15602904001,Dag,15 Cascade Way,44000,Trollhättan,Krapinsko-zagorska,Osnovna škola Snijeg,2 Drewry Pass,2,F,Law,4,Solomon,Denyagin,2025-10-18,2025-12-11,,Lecturer,4
257,Sissie,Winward,2009-02-28,86336452146,Elvyn,29686 Darwin Alley,35000,Vsetín,Koprivničko-križevačka,Tehnička škola Kiša,746 Merry Center,2,D,Sociology,5,Ailsun,Phillins,2026-05-15,2026-02-21,,Visiting professor,4
258,Adah,Rosebotham,2011-04-05,58438309668,Manny,54210 Anzinger Parkway,88900,Río Sereno,Splitsko-dalmatinska,Osnovna škola Ptica,27826 Farragut Point,3,J,Economics,2,Casie,Bertome,2026-01-17,2026-07-06,,Assistant professor,2
259,Tanney,Beyne,2009-09-28,95990325312,Granthem,3 Oakridge Plaza,66000,Pluak Daeng,Sisačko-moslavačka,Osnovna škola Šuma,0 Kensington Crossing,4,H,Chemistry,3,Mabelle,Cawley,2026-06-27,2026-06-12,,Associate professor,4
260,Kaile,Edgeson,2010-09-22,75801128595,Vassily,53895 Anzinger Lane,99000,Lashma,Pazinska,Srednja škola More,069 Killdeer Crossing,2,F,Art,2,Karel,Serjent,2026-05-24,2026-01-30,,Visiting professor,1
261,Drew,Pick,2010-06-28,98877129920,Emmanuel,9010 Mandrake Terrace,77000,Outlook,Primorsko-goranska,Osnovna škola Univerzum,1546 Warbler Drive,1,C,Philosophy,3,Irina,Treadwell,2026-03-25,2026-07-23,,Profesor emeritus,2
262,Georges,Dirkin,2011-01-03,87003352414,Alfred,475 Hoffman Alley,12345,Boshkengash,Osječko-baranjska,Srednja škola Supernova,681 Kingsford Crossing,3,G,Environmental Science,4,Olivie,Brill,2025-10-16,2025-09-05,,Docent,4
263,Lavina,Grayston,2010-11-09,39785609408,Thorpe,8901 Golf Trail,88900,Maranganí,Koprivničko-križevačka,Srednja škola Meteor,568 Warrior Alley,2,H,Computer Science,3,Niki,Gresswell,2025-11-18,2025-08-14,,Associate professor,3
264,Reynard,Lamprey,2009-05-23,24455581087,Glendon,91 Goodland Junction,88000,Akita Shi,Istarska,Osnovna škola Šuma,2 Derek Parkway,2,B,Dentistry,5,Crichton,Hall,2026-03-22,2025-09-29,,Predavac,5
265,Pierre,Sorsbie,2008-10-02,85770535898,Saunder,783 Granby Avenue,33400,Tal’ne,Bjelovarsko-bilogorska,Umjetnička škola Oblak,9 Johnson Way,3,E,Accounting,4,Curran,Gauntley,2025-09-04,2026-06-26,,Associate professor,2
266,Aloisia,Burges,2010-09-15,73987168697,Dev,95294 Helena Trail,99000,Lieyu,Koprivničko-križevačka,Srednja škola Planeta,73876 Old Shore Way,4,I,Medicine,2,Kathie,Sproat,2025-11-15,2026-04-19,,Visiting professor,5
267,Suzanne,Jilliss,2012-01-28,82923689216,Bent,56995 Jay Hill,12345,Tampa,Brodsko-posavska,Osnovna škola Saturn,5 Schiller Place,4,E,English,5,Karlie,Najara,2026-05-03,2025-09-08,,Asistent,1
268,Mateo,Henricsson,2008-03-16,86312249217,Delmer,396 Haas Place,66000,Bangluo,Vukovarsko-srijemska,Tehnička škola Oblak,8651 Arkansas Point,1,I,Accounting,5,Bridgette,Schermick,2026-04-23,2026-06-15,,Docent,1
269,Harold,Bartelli,2012-06-14,85204744632,Cecilius,14706 Carioca Point,12345,Yajiwa,Vukovarsko-srijemska,Tehnička škola Jupiter,69 Lawn Trail,2,D,Medicine,1,Jo-anne,Rotherforth,2025-08-21,2025-08-30,,Profesor emeritus,1
270,Mirella,Dikle,2011-01-24,77807717815,Stu,71532 Logan Circle,35000,Rivne,Primorsko-goranska,Srednja škola Brdo,23028 Melby Park,1,D,Engineering,5,Bertrand,Goggan,2025-11-02,2025-12-14,,Asistent,1
271,Tomaso,Simpkins,2012-07-03,37496549867,Krispin,844 Texas Parkway,99000,Sorol,Međimurska,Osnovna škola Crna rupa,33281 Shopko Terrace,1,H,Nursing,4,Tabatha,Crowne,2025-08-07,2025-11-21,,Visiting professor,4
272,Verla,Sandland,2008-11-10,66283942536,Barri,29 Westridge Park,44000,Karlstad,Lika-senjska,Osnovna škola Voda,66188 Meadow Valley Hill,1,G,Architecture,4,Thaddeus,Baughn,2025-08-05,2026-07-04,,Profesor emeritus,4
273,Berton,Stepto,2009-07-26,73119880847,Ashbey,442 Schurz Road,55000,Maloyaroslavets,Dubrovačko-neretvanska,Tehnička škola Jupiter,2525 Lunder Lane,1,C,Architecture,2,Drusie,Leynton,2025-09-08,2025-10-09,,Associate professor,2
274,Regina,Yurchenko,2010-10-01,32148154751,Hyatt,547 Sage Place,11200,San Francisco,Sisačko-moslavačka,Tehnička škola Jupiter,4 Crest Line Way,1,H,Chemistry,3,Donovan,Thoday,2026-01-02,2026-05-25,,Visiting professor,4
275,Montague,Ruckert,2010-04-15,96668377652,Moises,014 Luster Alley,99000,Ishige,Splitsko-dalmatinska,Osnovna škola Cvijet,6 Comanche Terrace,4,I,Law,4,Terra,Swane,2025-11-19,2026-05-04,,Asistent,1
276,Nelly,Gouthier,2009-06-22,17279693466,Shurwood,07 Kingsford Drive,33400,Huata,Bjelovarsko-bilogorska,Osnovna škola Šuma,0 Clarendon Avenue,3,B,Accounting,1,Farica,Arnaez,2026-03-07,2026-04-27,,Assistant professor,5
277,Anna-maria,Longhorn,2010-04-05,10096212303,Niki,57 Rieder Hill,55600,Famões,Dubrovačko-neretvanska,Umjetnička škola Sunce,787 Pearson Hill,4,F,Medicine,2,Hinda,O' Dooley,2026-06-20,2026-03-12,,Docent,3
278,Torr,Francesch,2008-07-30,41812526001,Reidar,7326 Bunting Hill,77800,Limbuš,Vukovarsko-srijemska,Osnovna škola Planina,989 Dawn Circle,2,C,Computer Science,4,Ambur,Simpkiss,2025-11-07,2025-08-09,,Predavac,4
279,Gabriell,Caiger,2011-10-24,50399483695,Ambrose,817 Eggendart Place,99000,Kerasochóri,Varaždinska,Osnovna škola Sunce,50 Kensington Alley,4,H,Art,3,Annie,Trundell,2026-01-14,2025-10-23,,Predavac,1
280,Berri,Cisneros,2009-05-15,42482775057,Felice,9 Calypso Plaza,99000,Kuafeu,Koprivničko-križevačka,Srednja škola Proljeće,52672 Anhalt Court,3,C,Geography,1,Zilvia,Mulran,2026-07-21,2026-04-27,,Associate professor,4
281,Rozanna,Walch,2008-01-11,36750873627,Conn,67366 Birchwood Park,22300,Potulando,Koprivničko-križevačka,Srednja škola Ljeto,29228 Barby Plaza,1,F,Engineering,1,Feliks,Cornick,2025-11-01,2026-06-05,,Visiting professor,5
282,Fairleigh,Lindmark,2011-09-30,74956371178,Zeke,31 Oak Hill,77800,Zbůch,Koprivničko-križevačka,Srednja škola Planeta,8416 Mandrake Park,3,D,Astronomy,3,Nanni,Kilcullen,2026-01-27,2026-07-08,,Lecturer,3
283,Adelaida,Dalbey,2011-12-21,90041188244,Hillary,6 Upham Road,66000,Borok,Zagrebačka,Srednja škola Otok,7 Onsgard Court,1,H,English,3,Rosene,Wontner,2026-04-30,2025-08-27,,Visiting professor,5
284,Robbin,Scrivenor,2010-05-03,60581341442,Mohammed,908 Spohn Road,11000,Sanxixiang,Vukovarsko-srijemska,Tehnička škola Oblak,6 Waxwing Trail,1,D,Anthropology,3,Benedikt,Weaving,2025-12-31,2026-05-07,,Profesor emeritus,5
285,Anjanette,Audritt,2012-04-27,26762116463,Ty,34672 Quincy Center,33400,Sanhe,Sisačko-moslavačka,Srednja škola Ljeto,98 Anniversary Place,2,B,Economics,3,Vivyanne,Lghan,2026-01-13,2025-12-20,,Asistent,1
286,Margaretta,Sturt,2008-10-10,85705757656,Westbrook,69055 Lakewood Gardens Drive,66700,Fukushima-shi,Pazinska,Osnovna škola Planeta X,844 Logan Road,3,G,Physical Education,2,Dennie,Otterwell,2026-07-08,2025-09-23,,Assistant professor,3
287,Phillipp,Speke,2008-09-15,70455518922,Peadar,665 Hermina Parkway,33400,Mijiang,Primorsko-goranska,Osnovna škola Rijeka,85 Spaight Park,3,I,Nursing,3,Jennilee,Kilbourne,2025-11-15,2026-02-27,,Associate professor,3
288,Manuel,Land,2008-10-06,15752474301,Barnard,07712 Rusk Way,22300,La Maná,Brodsko-posavska,Gimnazija Drvo,6 School Road,4,I,Accounting,3,Daile,Shoebrook,2025-10-01,2025-10-31,,Adjunct professor,4
289,Tammy,Phant,2011-02-26,38471553756,Jamaal,270 Fordem Crossing,66700,Libenge,Varaždinska,Srednja škola Mjesečina,941 Eastwood Alley,4,A,Philosophy,5,Eudora,Hodgon,2026-02-25,2026-07-27,,Assistant professor,1
290,Natty,Hogbourne,2012-03-17,43630145586,Gerrard,231 Marquette Point,55600,São Miguel,Krapinsko-zagorska,Tehnička škola Svemir,90 Calypso Park,1,D,Economics,2,Benedicta,Breese,2026-05-16,2026-03-23,,Docent,1
291,Mable,Jonas,2010-10-25,41230408485,Laurens,1 Dawn Point,12345,Montgomery,Karlovačka,Osnovna škola Planina,3 Tennessee Crossing,1,A,Physical Education,4,Malinde,Stoffer,2025-08-15,2026-07-20,,Lecturer,2
292,Erick,Quinn,2012-03-05,74714097518,Shep,563 Golf Drive,77000,Madaoua,Vukovarsko-srijemska,Tehnička škola Jupiter,36 Buena Vista Court,1,G,Engineering,1,Olag,Gauche,2026-05-16,2025-09-18,,Visiting professor,5
293,Elianora,Jessep,2009-09-06,89904436266,Obie,27 Basil Place,99000,Rehnān,Vukovarsko-srijemska,Umjetnička škola Oblak,0 Oxford Parkway,4,G,Mathematics,5,Christiana,Salling,2026-01-06,2025-08-25,,Predavac,5
294,Melina,Hamshar,2009-12-14,44554880547,Tyson,42 Pierstorff Circle,20000,Pagelaran,Bjelovarsko-bilogorska,Srednja škola More,3263 Lerdahl Trail,2,I,History,3,Werner,Quinnell,2026-04-26,2025-10-01,,Research professor,5
295,Kennedy,Tome,2011-08-28,99525406410,Ellis,204 Prairieview Circle,20000,Frederiksberg,Splitsko-dalmatinska,Osnovna škola Asteroid,8 Eagle Crest Alley,3,H,Dentistry,5,Mair,Deluca,2026-07-27,2025-12-21,,Adjunct professor,3
296,Stearn,Costan,2010-11-10,24628425023,Ignacio,5 Farmco Center,44500,Jifeng,Brodsko-posavska,Gimnazija Zvijezda,2090 Forster Trail,3,H,Political Science,4,Aldus,Houseman,2026-06-18,2026-03-03,,Research professor,5
297,Jilleen,Dizlie,2009-03-26,23857691406,Worth,158 Hazelcrest Hill,99000,Gozdnica,Požeško-slavonska,Srednja škola More,1 Forster Terrace,4,A,Accounting,3,Ralph,Ugo,2026-06-14,2026-07-23,,Lecturer,3
298,Peggy,Muehle,2009-06-18,15732414262,Whittaker,04 Clarendon Place,11000,Nam Khun,Brodsko-posavska,Srednja škola Zemlja,69986 Blue Bill Park Avenue,4,G,Computer Science,5,Alexei,Tilte,2026-04-30,2025-08-16,,Lecturer,1
299,Carolyn,Kimm,2011-03-29,99313289489,Rupert,21904 Jana Trail,12345,Miraflores,Dubrovačko-neretvanska,Umjetnička škola Mjesec,4938 Mallory Circle,4,A,Chemistry,3,Ailee,Tulip,2025-08-04,2026-04-14,,Lecturer,2
300,Coraline,Kupec,2010-01-07,42101244182,Conroy,2410 Sage Park,54321,Sumberbaru,Pazinska,Osnovna škola Šuma,306 Novick Crossing,3,F,Art,1,Juline,Clerke,2026-01-31,2026-01-30,,Associate professor,1
301,Suzanna,Pond-Jones,2008-05-19,14401822212,Fred,52 Farmco Center,11200,Klokot,Istarska,Gimnazija Drvo,8133 Victoria Terrace,1,A,Philosophy,2,Ogdan,Pilling,2026-05-07,2025-12-10,,Asistent,1
302,Paten,Jelley,2012-08-08,51834329482,Garner,24 Manley Junction,55000,Grabovci,Pazinska,Umjetnička škola Oblak,6 Summerview Parkway,4,J,Computer Science,1,Allianora,Kellet,2025-12-24,2026-05-02,,Asistent,3
303,Blanche,Erwin,2008-01-09,15008885461,Willis,5 Pine View Street,12345,Orerokpe,Požeško-slavonska,Gimnazija Komet,370 Basil Drive,3,I,Sociology,4,Whitman,O'Shevlan,2026-06-05,2025-11-08,,Research professor,5
304,Flint,Alchin,2008-12-06,51410955862,Luther,6 3rd Way,11000,Gangbei,Dubrovačko-neretvanska,Osnovna škola Saturn,1 Old Shore Trail,2,A,Anthropology,3,Cathie,Wehden,2025-10-29,2026-05-15,,Docent,2
305,Virgil,MacGilmartin,2012-05-25,40513795421,Reinaldos,64931 Sullivan Place,99000,Wufu,Koprivničko-križevačka,Osnovna škola Sunčeva svjetlost,8395 Lawn Point,1,B,Mathematics,4,Lynelle,Dovey,2026-04-17,2026-06-21,,Visiting professor,2
306,Mikey,Caren,2010-11-07,23833952662,Seumas,8115 Ridgeway Court,44500,Tiraspol,Zagrebačka,Osnovna škola Ptica,5992 Bartelt Circle,2,I,Philosophy,2,Nola,Conville,2025-09-05,2025-08-28,,Profesor emeritus,4
307,Mahmud,Morefield,2009-02-09,87003931277,Clem,791 Grayhawk Street,35000,Beroroha,Splitsko-dalmatinska,Osnovna škola Rijeka,25 Macpherson Circle,4,D,Music,4,Revkah,Backman,2025-09-26,2026-05-10,,Profesor emeritus,2
308,Mirella,Blasing,2011-03-10,70012023661,Jasper,63 Rieder Circle,77000,Vrakháti,Sisačko-moslavačka,Osnovna škola Sunce,94 Eagle Crest Alley,4,B,Physics,2,Garrott,Postan,2025-09-13,2025-11-01,,Visiting professor,1
309,Chelsy,Dinwoodie,2008-12-01,61344268092,Ben,3302 Lien Trail,77800,Darfield,Lika-senjska,Tehnička škola Jupiter,39901 Rockefeller Junction,3,I,Political Science,1,Beltran,Trumble,2026-02-16,2025-09-14,,Visiting professor,4
310,Thornie,Lenchenko,2012-09-08,80476445766,Julius,97357 Fair Oaks Park,44000,Zoumaling,Splitsko-dalmatinska,Srednja škola Proljeće,23349 Green Alley,1,B,Veterinary,1,Ari,Ring,2025-12-31,2025-12-21,,Visiting professor,4
311,Jobie,Steenson,2012-03-12,46240613932,Hugo,666 Maryland Pass,99000,Graz,Varaždinska,Gimnazija Cvijet,96 Manitowish Drive,2,I,Environmental Science,3,Kandace,Valentin,2026-06-06,2026-02-06,,Adjunct professor,4
312,Thorsten,Mose,2012-05-19,38111069370,Bert,056 Kedzie Point,33400,Daxing,Koprivničko-križevačka,Osnovna škola Crna rupa,29 Cascade Lane,4,B,Geography,3,Liesa,McRavey,2026-01-25,2026-05-08,,Assistant professor,1
313,Alec,Cuckson,2008-02-14,20702442394,Gradeigh,541 Hagan Trail,33400,Zama,Osječko-baranjska,Srednja škola Zemlja,54 Autumn Leaf Terrace,1,E,Engineering,2,Dolly,Laurisch,2025-11-23,2026-02-12,,Lecturer,4
314,Chelsea,Mellmer,2009-12-30,46644094939,Myrwyn,69 Lakewood Gardens Terrace,20000,Wujiayao,Šibensko-kninska,Srednja škola Supernova,1379 Homewood Alley,2,H,Philosophy,3,Birgitta,Clapston,2026-06-17,2026-04-12,,Predavac,2
315,Carree,Wragge,2011-08-30,20581279474,Huey,2 Sundown Point,44000,Saint Ann’s Bay,Brodsko-posavska,Tehnička škola Kiša,8843 Maryland Terrace,4,C,Environmental Science,1,Teressa,Cameron,2026-05-16,2025-10-13,,Lecturer,4
316,Dorri,Renachowski,2011-05-04,26324006277,Isiahi,016 Comanche Parkway,11000,Rio Real,Brodsko-posavska,Srednja škola Zemlja,4 Norway Maple Park,1,F,Marketing,2,Kristoffer,Wilde,2026-03-22,2026-01-13,,Research professor,1
317,Miltie,Badsworth,2008-04-25,29536637064,Zeke,2 Bellgrove Street,55000,Cigeulis,Vukovarsko-srijemska,Gimnazija Jesen,5 Erie Avenue,1,H,Nursing,5,Rossie,McCorkindale,2025-10-12,2025-08-07,,Research professor,2
318,Kristien,Purvey,2008-09-07,76290110665,Monti,7 Tomscot Lane,11000,Slavonice,Karlovačka,Gimnazija Zvijezda,69078 Bunker Hill Drive,4,H,Marketing,5,Lucie,Macek,2026-07-24,2026-06-14,,Assistant professor,3
319,Shamus,Munton,2009-07-01,99309217367,Hendrick,444 Donald Point,11200,Salyan,Požeško-slavonska,Osnovna škola Sunce,45402 Debra Hill,3,H,Dentistry,2,Ric,Dowthwaite,2025-11-30,2026-02-28,,Associate professor,4
320,Bernarr,Screase,2009-09-04,93015676050,Spense,0780 Lunder Way,88000,Beloha,Bjelovarsko-bilogorska,Srednja škola Brdo,26111 Elmside Plaza,1,D,Veterinary,5,Kristien,Larrad,2026-06-05,2025-12-13,,Research professor,1
321,Lorinda,Chezelle,2011-08-14,25059112330,Bram,7 Dwight Terrace,77000,Schaumburg,Vukovarsko-srijemska,Tehnička škola Svemir,56 Barnett Road,1,A,Physics,3,Averell,Sucre,2026-07-28,2025-12-14,,Adjunct professor,1
322,Bale,Bernardi,2010-09-04,80644020394,Osgood,07557 Forest Dale Way,99000,Pórto Chéli,Dubrovačko-neretvanska,Srednja škola Meteor,544 Bobwhite Lane,2,C,Music,1,Haleigh,Akenhead,2025-10-06,2026-03-05,,Adjunct professor,5
323,Corrianne,Wey,2010-04-04,72622448873,Stephan,801 Kings Lane,55000,Sävsjö,Koprivničko-križevačka,Umjetnička škola Mars,4063 Cody Drive,2,I,Economics,1,Adore,Snalom,2026-04-09,2025-11-18,,Asistent,5
324,Emmett,Tout,2010-08-14,34050035457,Stevy,54113 Glacier Hill Hill,99000,Termas de Río Hondo,Zagrebačka,Osnovna škola Pustinja,2355 Arizona Street,1,A,Architecture,2,Ancell,Brandon,2026-05-14,2025-10-06,,Research professor,4
325,Claudine,Jakoviljevic,2012-11-16,86971960898,Alan,954 Randy Way,11200,Massy,Međimurska,Srednja škola Mjesec,3079 Maple Wood Drive,2,G,Sociology,5,Atlante,Giroldi,2025-11-03,2025-08-06,,Adjunct professor,3
326,Sterling,Trevaskiss,2010-11-06,61343420139,Xavier,81 Ohio Trail,22300,Fengli,Primorsko-goranska,Osnovna škola Zima,55056 Sunbrook Pass,4,B,Architecture,2,Greta,Arrington,2026-02-06,2026-01-20,,Lecturer,2
327,Felicio,Avarne,2009-06-22,28686263287,Izaak,1261 Crest Line Circle,99000,Perivóli,Primorsko-goranska,Osnovna škola Cvijet,75608 Granby Court,1,J,Psychology,4,Dorelle,Di Nisco,2026-06-25,2025-09-07,,Docent,5
328,Adora,Sellers,2012-12-15,77282952505,Travers,08969 Del Mar Way,35000,Niños Heroes,Bjelovarsko-bilogorska,Osnovna škola Asteroid,56391 6th Terrace,1,G,Business,3,Osbourne,Timpany,2025-09-16,2025-10-10,,Research professor,2
329,Karissa,Brouwer,2012-04-01,71857191157,Lincoln,273 Hanson Circle,44500,Shinaihai,Koprivničko-križevačka,Umjetnička škola Mjesec,192 Parkside Hill,4,A,English,5,Sean,Starrs,2026-05-21,2026-07-07,,Visiting professor,5
330,Randell,Wylie,2009-07-05,77759638093,Boyce,64 Beilfuss Street,88900,Menampukrajan,Varaždinska,Tehnička škola Val,3 Esker Street,2,J,Music,5,Gael,Scholl,2025-08-07,2025-11-14,,Associate professor,4
331,Beverly,Goricke,2011-08-20,41557549751,Stu,4 Messerschmidt Park,11000,Tambillo,Koprivničko-križevačka,Osnovna škola Pustinja,88586 Waubesa Road,4,C,Geography,1,Marabel,Powis,2025-09-05,2026-01-16,,Lecturer,2
332,Nola,Dumbellow,2008-10-04,78086802179,Guillermo,873 Summit Pass,44000,Safotu,Splitsko-dalmatinska,Tehnička škola Oblak,83 Grayhawk Park,1,C,Geography,1,Geoff,Scadden,2026-07-02,2026-02-22,,Adjunct professor,1
333,Eve,Rosenfield,2011-02-23,36148795470,Buddie,158 Fair Oaks Avenue,55600,Baratã,Lika-senjska,Umjetnička škola Oblak,6118 Northview Center,3,I,Astronomy,4,Dalia,Cragg,2025-10-01,2026-01-14,,Assistant professor,2
334,Caryn,Greste,2011-11-09,72771491520,Harvey,86 Center Drive,99000,Iḩsim,Karlovačka,Umjetnička škola Nebesko tijelo,2349 Warrior Place,1,F,Computer Science,2,Cristen,Callender,2025-08-14,2026-04-04,,Lecturer,3
335,Prudy,Normavell,2008-06-27,33686087415,Rafferty,91025 Graedel Way,20000,Baiyushan,Primorsko-goranska,Osnovna škola Sunce,71 Shasta Court,2,G,Music,2,Darby,O'Carran,2026-04-08,2026-07-26,,Research professor,1
336,Simone,Chance,2012-11-01,49835119301,Jorge,21424 Blackbird Place,99000,Ode,Sisačko-moslavačka,Gimnazija Drvo,3 Wayridge Junction,3,B,Music,5,Isak,Duro,2026-04-04,2026-07-26,,Adjunct professor,3
337,Helen,Birchenhead,2008-12-28,61672880656,Simon,8341 Laurel Park,55600,Mar’ina Roshcha,Istarska,Osnovna škola Ptica,69 Clyde Gallagher Terrace,4,E,Music,2,Carlo,Veart,2025-08-31,2026-02-16,,Predavac,4
338,Vevay,Passingham,2008-06-21,82557643440,Tait,125 Killdeer Alley,88000,Karangsembung,Pazinska,Osnovna škola Voda,1 5th Way,4,I,Sociology,1,Aurora,Grinishin,2026-01-15,2026-07-12,,Profesor emeritus,5
339,Mischa,Kellick,2012-10-07,75525469033,Trueman,573 Ridgeview Drive,99000,Xiongchi,Vukovarsko-srijemska,Tehnička škola Oblak,4 Truax Circle,3,D,Environmental Science,2,Sibelle,Fontelles,2025-09-19,2025-11-09,,Associate professor,3
340,Quintina,Craigie,2010-12-07,68685017436,Wainwright,8204 Grasskamp Junction,55600,Reconquista,Koprivničko-križevačka,Srednja škola Ljeto,8568 Gateway Pass,4,I,Psychology,2,Delano,Bagott,2025-10-21,2026-05-26,,Asistent,3
341,Bambie,Gaskamp,2008-10-23,87142797888,Barrie,553 Iowa Court,35000,Pingyi,Zagrebačka,Osnovna škola Ptica,480 Homewood Street,1,I,Mathematics,3,Shelley,Sorensen,2026-07-08,2025-08-25,,Research professor,3
342,Kristyn,Jamary,2010-06-20,33224109311,Wyndham,704 Manufacturers Street,55000,Koa,Lika-senjska,Gimnazija Jesen,8 Bunting Street,1,B,Physical Education,2,Napoleon,Atwood,2026-01-02,2025-12-17,,Visiting professor,4
343,Manuel,Fearne,2012-02-09,47813851438,Delmar,9570 Hoffman Center,77800,Pedra Azul,Zadarska,Srednja škola Supernova,116 Everett Center,3,D,History,1,Hillier,Arndell,2025-09-21,2026-06-16,,Profesor emeritus,3
344,Kilian,Runham,2011-01-06,51201125555,Gothart,68601 Melrose Plaza,88900,Ardino,Požeško-slavonska,Osnovna škola Planeta X,514 Glacier Hill Terrace,4,F,Physical Education,5,Rosalinde,McLeish,2026-07-03,2025-11-21,,Associate professor,5
345,Ewen,Feasby,2012-03-19,72402557322,Gerri,2164 Caliangt Junction,99000,Taounate,Brodsko-posavska,Osnovna škola Saturn,60 4th Place,4,H,Music,5,Adrianne,Filpo,2026-04-11,2025-12-15,,Visiting professor,4
346,Nehemiah,Brixey,2011-09-03,72891304751,Saxe,789 Erie Parkway,22300,Beixiang,Osječko-baranjska,Srednja škola More,29854 Heath Pass,1,I,Chemistry,5,Gerhardt,Passfield,2025-09-21,2025-08-26,,Profesor emeritus,1
347,Emmery,Peterson,2012-10-14,56150806486,Tore,6 Summer Ridge Center,66700,Soutocico,Međimurska,Umjetnička škola Mjesec,2717 Lakewood Gardens Crossing,3,D,Sociology,4,Miles,Noteyoung,2025-11-03,2026-03-24,,Asistent,4
348,Katina,Livings,2008-10-30,18654766762,Crosby,235 North Junction,12345,Mechrá Belqsiri,Sisačko-moslavačka,Umjetnička škola Oblak,390 3rd Drive,3,B,English,1,Linnet,MacKay,2026-03-05,2026-06-17,,Associate professor,2
349,Ely,Longmire,2009-11-04,89976990565,Brenden,407 Golden Leaf Road,77000,Yongfeng,Dubrovačko-neretvanska,Umjetnička škola Oblak,50543 Commercial Terrace,2,A,Political Science,2,Dallas,Mewha,2025-11-19,2025-09-13,,Asistent,5
350,Van,Boken,2008-05-26,58092671141,Perceval,27131 Oak Street,11000,Passo,Zagrebačka,Gimnazija Vjetar,1525 Maywood Hill,2,G,Veterinary,2,Lyssa,Delwater,2026-05-01,2025-09-26,,Asistent,3
351,Desdemona,Tipperton,2011-12-05,96611620390,Iorgos,8 Nancy Pass,77000,Shah Alam,Dubrovačko-neretvanska,Umjetnička škola Mars,663 Upham Terrace,3,F,Dentistry,5,Marven,Bancroft,2026-04-20,2026-01-20,,Assistant professor,5
352,Gertrud,Jarad,2011-05-28,19443931574,Wake,099 Bluejay Point,55000,Bīr Zayt,Zagrebačka,Tehnička škola Sunčev sustav,2511 Algoma Way,2,E,Anthropology,4,Aldo,Allworthy,2026-07-13,2025-11-21,,Assistant professor,2
353,Odelinda,Ranfield,2009-09-09,88812914086,Biron,004 Oneill Street,35000,Nikolayevka,Lika-senjska,Tehnička škola Sunčev sustav,56496 Kennedy Place,1,H,Philosophy,4,Madonna,Walas,2026-04-14,2026-04-08,,Asistent,3
354,Harlen,Papes,2008-05-12,17856071113,Othello,86 Evergreen Hill,88000,Lian’an,Zadarska,Srednja škola Mjesec,4 Messerschmidt Drive,3,D,Psychology,4,Alexandr,Challinor,2025-11-25,2025-12-02,,Visiting professor,1
355,Faith,Lodo,2010-03-20,60897754040,Aylmer,9 Pierstorff Avenue,22300,General La Madrid,Šibensko-kninska,Srednja škola Otok,0 Jenifer Terrace,4,H,English,2,Efrem,Keizman,2025-11-05,2026-03-12,,Associate professor,3
356,Mil,Janoschek,2008-09-13,48986090248,Beauregard,146 Doe Crossing Crossing,12345,Pagsañgahan,Krapinsko-zagorska,Osnovna škola Sunčeva svjetlost,5565 Mcguire Crossing,4,I,Computer Science,2,Berti,Vasiliu,2026-06-24,2026-05-26,,Assistant professor,2
357,Basia,Sleaford,2012-11-11,13736639287,Cecilius,4 Debra Road,77000,Pohrebyshche,Virovitičko-podravska,Umjetnička škola Nebesko tijelo,232 Monterey Place,4,B,Marketing,3,Shem,Dodshon,2026-03-05,2026-03-17,,Assistant professor,1
358,Hall,Preist,2012-09-08,87037655761,Jae,326 Vahlen Pass,99000,Guanta,Splitsko-dalmatinska,Osnovna škola Crna rupa,42840 Caliangt Park,3,C,Physical Education,3,Enrique,Wagon,2026-04-04,2026-07-07,,Predavac,5
359,Morena,Mingard,2011-01-05,16307899393,Corny,852 Sachtjen Junction,77000,Abéché,Istarska,Osnovna škola Voda,10 Division Way,2,E,Environmental Science,4,Jeremiah,Canada,2026-04-16,2025-08-04,,Research professor,4
360,Cherey,Quick,2009-11-06,27043599505,Conney,50 Anzinger Way,66700,Hovd,Primorsko-goranska,Srednja škola Planeta,3654 Linden Park,3,G,Dentistry,1,Danna,Abson,2025-12-08,2026-01-03,,Docent,3
361,Dukey,Caughan,2010-05-02,35295409808,Bard,0811 Hudson Circle,99000,Independencia,Šibensko-kninska,Srednja škola Proljeće,02296 Marcy Road,4,D,Business,4,Barry,Cater,2025-08-08,2026-05-21,,Adjunct professor,2
362,Bevon,Christy,2008-05-26,40287716290,Mathias,54674 Kim Drive,33400,Rennes,Bjelovarsko-bilogorska,Osnovna škola Ptica,51 Sunfield Center,4,H,Astronomy,4,Wallie,Ellerbeck,2026-06-21,2026-04-04,,Associate professor,5
363,Jarid,Curnokk,2009-05-05,14446934248,Marmaduke,15 Ridgeway Circle,33400,Bagakay,Brodsko-posavska,Osnovna škola Saturn,090 Jackson Terrace,1,A,Veterinary,5,Gianni,Eyles,2025-11-18,2026-04-23,,Asistent,1
364,Freddie,Tabbernor,2009-11-21,33353753964,Isac,95157 Tennyson Avenue,66000,Blagoveshchensk,Pazinska,Umjetnička škola Mjesec,51 Hooker Drive,2,G,Biology,3,Lamond,Reiners,2025-09-28,2025-08-30,,Profesor emeritus,3
365,Cherida,Cosham,2012-03-04,66757623062,Ulberto,933 Autumn Leaf Street,66000,Nor Yerznka,Osječko-baranjska,Umjetnička škola Mjesec,42025 Dapin Way,1,E,Engineering,4,Evelina,Pobjoy,2025-12-18,2026-05-21,,Research professor,4
366,Danita,Geekin,2008-08-16,51609557823,Shell,48833 Goodland Center,11000,Linqu,Virovitičko-podravska,Osnovna škola Planina,931 Northridge Center,4,I,Chemistry,1,Mallory,Guillard,2025-09-20,2025-08-17,,Profesor emeritus,1
367,Candace,Coldrick,2010-08-11,61858785014,Fitz,69 Forster Trail,88000,Krajan Bejagung,Šibensko-kninska,Osnovna škola Planina,09 Mockingbird Hill,3,J,Veterinary,4,Zollie,Carvill,2026-03-03,2026-05-23,,Profesor emeritus,2
368,Franky,Staines,2012-07-30,98973109934,Noak,02319 Green Hill,54321,Ganshui,Međimurska,Srednja škola Meteor,6033 Dayton Drive,2,G,Business,4,Dorise,Carlos,2026-07-08,2026-01-31,,Docent,3
369,Layton,Bownde,2010-02-10,90907222729,Ellerey,559 Meadow Valley Street,77000,Simbal,Brodsko-posavska,Gimnazija Vjetar,2 Iowa Avenue,3,H,Law,5,Wallace,O'Dulchonta,2025-09-28,2025-10-28,,Lecturer,4
370,Bradan,Nugent,2009-05-01,64176004103,Putnam,80121 Pond Avenue,44000,Tongjin,Krapinsko-zagorska,Srednja škola Brdo,77363 Miller Street,3,E,Business,2,Carlotta,Barizeret,2025-10-31,2026-02-07,,Visiting professor,4
371,Felecia,McLeoid,2011-11-29,87379889519,Reagan,6 Pierstorff Court,12345,Alençon,Koprivničko-križevačka,Umjetnička škola Oblak,558 Pawling Point,1,C,Anthropology,4,Darby,MacDermand,2026-02-04,2026-07-12,,Docent,4
372,Annabal,Breward,2008-12-27,89516620224,Seymour,0 Merry Crossing,66700,Hegarsari,Bjelovarsko-bilogorska,Tehnička škola Kiša,75915 Roth Avenue,1,G,Architecture,2,Gabriellia,Skiggs,2025-09-26,2025-10-31,,Assistant professor,2
373,Arlyn,Karus,2011-12-03,96718003338,Garreth,74 Gateway Circle,88000,Pétange,Međimurska,Gimnazija Cvijet,57043 Shelley Crossing,3,D,Business,1,Terencio,Alesin,2025-11-29,2025-08-02,,Adjunct professor,1
374,Benton,Laden,2010-05-06,85341080820,Dean,203 Dorton Terrace,44500,Chuangye,Osječko-baranjska,Umjetnička škola Oblak,75 Carpenter Center,1,D,Political Science,4,Corny,Beggio,2026-02-18,2026-03-18,,Assistant professor,4
375,Alayne,Dailey,2008-08-14,99439105715,Gamaliel,76 Division Drive,66000,Munde,Istarska,Osnovna škola Trava,8 Dottie Drive,3,A,Anthropology,2,Gail,Wixey,2026-02-23,2025-10-29,,Predavac,4
376,Maryann,Eschalotte,2012-03-26,97500946844,Avigdor,69 Gina Plaza,20000,Chengnan,Sisačko-moslavačka,Osnovna škola Sunčeva svjetlost,7 Pawling Junction,4,G,Art,2,Josepha,Ovington,2026-01-15,2025-11-24,,Lecturer,2
377,Livy,Pantin,2011-03-08,64963465397,Sayers,18 Oneill Trail,22300,Dingzhai,Splitsko-dalmatinska,Osnovna škola Zvijezda,899 Morrow Alley,4,G,Nursing,2,Toddie,Dictus,2026-03-30,2026-04-06,,Predavac,1
378,Lowrance,Lubeck,2008-08-15,98044905221,Vasili,685 Jackson Terrace,11200,San Isidro,Pazinska,Osnovna škola Planina,3 Canary Circle,4,G,Marketing,2,Cari,Dalliwatr,2026-07-22,2025-12-31,,Adjunct professor,3
379,Angus,Mateev,2011-05-15,15949107485,Simmonds,39964 Arapahoe Avenue,54321,Paritjunus,Virovitičko-podravska,Osnovna škola Planeta X,4 Portage Center,4,I,Astronomy,1,Melita,Stockley,2026-01-30,2026-06-12,,Associate professor,3
380,Wini,Smithyman,2011-05-07,22925556145,Earle,598 Schmedeman Alley,11200,Monte Novo,Sisačko-moslavačka,Srednja škola Brdo,399 Marquette Drive,1,D,Astronomy,2,Godard,Kezor,2025-08-08,2025-10-28,,Lecturer,3
381,Liliane,Georgins,2009-12-26,16303132236,Noby,02007 Westend Terrace,20000,Igunga,Sisačko-moslavačka,Osnovna škola Asteroid,62705 Ridgeway Way,1,B,Environmental Science,1,Wilt,Lapslie,2026-02-01,2026-03-15,,Profesor emeritus,2
382,Maye,Roche,2011-02-20,99204136886,Hewie,2682 Almo Court,66700,Jianguang,Karlovačka,Srednja škola Supernova,03752 Summit Junction,4,J,Physics,5,Clareta,Cade,2025-09-21,2026-06-03,,Research professor,3
383,Jermain,McCabe,2012-07-01,87827081798,Lamar,9 Shelley Drive,77000,Mathba,Lika-senjska,Osnovna škola Šuma,54 Myrtle Plaza,3,I,Veterinary,1,Avictor,McKay,2026-01-02,2026-04-28,,Predavac,4
384,Indira,Baldazzi,2008-12-27,38317929274,Frazier,54469 Moulton Crossing,77000,Xiajiashan,Koprivničko-križevačka,Osnovna škola Sunčeva svjetlost,2 Golf Course Way,3,H,Computer Science,4,Lori,Morin,2026-05-04,2026-07-10,,Profesor emeritus,3
385,Vilhelmina,Whitelaw,2012-12-14,83681227169,Kalil,0043 Rowland Street,99000,Tuchkovo,Vukovarsko-srijemska,Srednja škola Galaksija,391 Cambridge Junction,2,J,History,5,Mellicent,Huscroft,2025-11-04,2026-07-02,,Lecturer,1
386,Ronni,Foulkes,2011-04-17,21082072041,Arny,8394 Shelley Park,11200,Nykarleby,Lika-senjska,Osnovna škola Rijeka,0 Macpherson Alley,1,F,Law,3,Lindie,Gemeau,2026-05-09,2025-10-24,,Associate professor,5
387,Melanie,Vinick,2009-04-11,80636869207,Jose,4 Nancy Avenue,44500,Kaeng Khoi,Brodsko-posavska,Osnovna škola Cvijet,84 Steensland Trail,3,A,Medicine,1,Eadmund,Hundall,2025-08-12,2025-10-04,,Associate professor,4
388,Jaimie,Monks,2011-09-13,81619992281,Karim,95645 Russell Drive,44000,Paris 05,Vukovarsko-srijemska,Gimnazija Drvo,39 Schiller Drive,3,G,Accounting,5,Clayson,Reedick,2025-11-13,2026-02-07,,Visiting professor,1
389,Carleton,Oldred,2008-10-15,13744350830,Antonin,454 Myrtle Center,88900,Yushanpu,Primorsko-goranska,Srednja škola Zemlja,1703 Sauthoff Alley,1,D,Law,2,Caldwell,MacSween,2026-03-06,2025-09-06,,Associate professor,1
390,Marjory,Jerram,2012-04-04,69114942380,Milton,65079 Erie Park,54321,Mekkaw,Vukovarsko-srijemska,Tehnička škola Val,332 Glacier Hill Point,3,E,Veterinary,3,Demetris,Dumbrall,2026-01-14,2026-03-09,,Lecturer,5
391,Cymbre,Blaymires,2008-03-24,61831010696,Maxwell,58 Declaration Street,44500,Xijia,Vukovarsko-srijemska,Srednja škola More,052 Lukken Hill,1,H,Business,2,Tamiko,Isgate,2026-02-23,2025-10-20,,Assistant professor,5
392,Eileen,Trobridge,2010-10-30,33370563270,Galvin,4787 Clemons Pass,20000,Grammatikó,Koprivničko-križevačka,Osnovna škola Trava,52326 Cambridge Park,3,A,Music,3,Johnathan,Gurry,2026-04-25,2026-06-23,,Associate professor,2
393,Jonah,Skynner,2009-05-20,16654773663,Hoyt,5430 Pawling Hill,55600,Al Ain,Požeško-slavonska,Gimnazija Komet,60 Linden Hill,3,E,Biology,5,Susy,Adamowitz,2026-01-13,2026-02-05,,Research professor,4
394,Shanon,Margett,2008-01-13,50097723528,Arthur,8081 Arapahoe Parkway,55600,Shanjie,Brodsko-posavska,Gimnazija Komet,4 Di Loreto Center,4,B,Veterinary,4,Jojo,Peatheyjohns,2025-10-01,2026-03-03,,Profesor emeritus,1
395,Bernice,Siddele,2012-02-02,13735158523,Bink,607 Killdeer Alley,44000,San Andres,Zadarska,Osnovna škola Saturn,4 Northview Junction,1,B,Accounting,1,Lynnelle,Stapele,2025-11-18,2025-10-19,,Lecturer,5
396,Ophelie,Searston,2009-05-05,99947219754,Delainey,903 Montana Street,33400,Borås,Osječko-baranjska,Osnovna škola Pustinja,7569 Weeping Birch Parkway,1,D,Geography,5,Bonni,Korting,2025-08-06,2025-12-13,,Profesor emeritus,5
397,Babs,Murfett,2008-02-18,90367550512,Jameson,829 Melvin Trail,66700,Kallithéa,Vukovarsko-srijemska,Srednja škola Supernova,0628 Lawn Center,3,B,Business,2,Vivian,Bowden,2025-08-18,2025-12-17,,Predavac,1
398,Christel,Michin,2008-08-24,32050338391,Pavlov,31 Hudson Hill,44500,Legok,Primorsko-goranska,Srednja škola Otok,77 3rd Circle,4,B,Criminal Justice,2,Riki,Dunkersley,2026-06-03,2026-05-16,,Associate professor,3
399,Kakalina,Townsend,2011-06-18,45483746855,Matthiew,158 6th Alley,54321,Urzhar,Bjelovarsko-bilogorska,Srednja škola Zemlja,6691 Browning Lane,2,A,Anthropology,2,Riva,Orsay,2026-03-03,2025-08-17,,Research professor,1
400,Addy,Connock,2012-08-20,45416611838,Gray,5958 Sunfield Alley,88900,Heshui,Brodsko-posavska,Osnovna škola Snijeg,23087 Kinsman Plaza,2,B,Veterinary,3,Olia,Ruslen,2026-01-13,2026-04-21,,Visiting professor,1
401,Frieda,Pomroy,2009-11-16,12999458839,Loydie,7848 Old Gate Park,66000,Tovarkovskiy,Brodsko-posavska,Osnovna škola Univerzum,28858 Bowman Circle,1,F,Marketing,3,Randie,Stiffkins,2026-06-22,2026-05-09,,Predavac,3
402,Sky,Roddan,2012-01-05,97228434066,Haily,0 Mockingbird Place,55600,Anzi,Primorsko-goranska,Tehnička škola Oblak,1603 Homewood Avenue,2,A,Astronomy,3,Angel,Tippett,2025-09-01,2025-11-20,,Visiting professor,3
403,Ashlie,Tribbeck,2012-06-16,94622828993,Nikki,12 Walton Alley,88000,Amucao,Bjelovarsko-bilogorska,Gimnazija Drvo,2383 Redwing Lane,4,I,Anthropology,4,Aluin,Sidebotham,2026-05-06,2026-06-23,,Visiting professor,5
404,Meir,Westhoff,2008-09-28,60245935602,Beck,48985 Rieder Parkway,88000,Balīlā,Međimurska,Gimnazija Drvo,5905 Tony Crossing,2,E,Physical Education,5,Nil,Carbry,2025-10-22,2025-12-08,,Predavac,3
405,Amalia,Juszczyk,2010-10-25,66017793976,Welch,16 Holy Cross Lane,22300,Yongfeng,Zadarska,Osnovna škola Voda,7 Jana Circle,2,C,Medicine,1,Hagen,Proback,2025-09-19,2026-01-16,,Profesor emeritus,1
406,Gwenora,Wadforth,2010-05-10,77623317309,Duffy,00638 Boyd Circle,66000,Ciela Lebak,Virovitičko-podravska,Tehnička škola Kiša,285 Hoard Avenue,2,D,Psychology,4,Brandy,Pomfrett,2025-11-24,2026-04-23,,Visiting professor,3
407,Lutero,Prendeville,2010-04-25,71610132236,Filberto,057 Northview Court,99000,Kyrenia,Međimurska,Gimnazija Cvijet,25 Old Shore Center,1,A,Biology,3,Gilligan,Lidgerton,2026-07-08,2025-11-10,,Predavac,5
408,Adolf,Dabney,2008-08-01,19890547474,Kayne,431 Armistice Alley,22300,Salekhard,Požeško-slavonska,Srednja škola Brdo,4641 Esker Trail,4,C,Literature,2,Desmond,Beaten,2025-10-13,2025-10-03,,Associate professor,4
409,Ilaire,Posvner,2009-04-20,60541708164,Roma,493 Northland Court,66000,Chvalšiny,Karlovačka,Osnovna škola Saturn,45188 Twin Pines Junction,4,B,Medicine,5,Kelby,Sarsfield,2025-09-03,2026-03-29,,Adjunct professor,1
410,Sloane,Bultitude,2010-04-10,60872226043,Sergio,72784 Hoffman Lane,55600,Huaqiu,Osječko-baranjska,Osnovna škola Zima,4827 Surrey Plaza,1,D,Marketing,2,Danny,Realy,2025-10-03,2025-09-02,,Asistent,5
411,Emmalynne,Reichartz,2012-03-07,79281151303,Bil,2 Buena Vista Trail,22300,Hamanoichi,Osječko-baranjska,Tehnička škola Oblak,2 Manufacturers Alley,4,B,Computer Science,3,Mathilda,Leggat,2026-05-23,2025-10-05,,Visiting professor,4
412,Lesley,Worssam,2010-07-12,80964877372,Rollin,80 Hollow Ridge Point,11000,Moriya,Požeško-slavonska,Osnovna škola Zima,1092 Donald Court,4,I,Chemistry,1,Hagen,Fransman,2025-09-26,2025-12-14,,Lecturer,3
413,Cull,Devine,2010-07-02,20735885924,Angelico,42 Messerschmidt Hill,99000,Huangtian,Karlovačka,Tehnička škola Svemir,54 Eagan Center,1,J,Medicine,5,Robinetta,Marvelley,2025-09-11,2026-04-10,,Profesor emeritus,3
414,Trace,Dunsmore,2012-05-16,55735944188,Horten,115 John Wall Avenue,33400,Āsmār,Vukovarsko-srijemska,Osnovna škola Crna rupa,6 Carpenter Avenue,2,J,Literature,4,Elladine,Bruyett,2025-09-29,2026-06-21,,Visiting professor,1
415,Stacie,Benza,2009-04-26,13911264122,Terry,73392 Walton Alley,99000,Matai,Istarska,Osnovna škola Rijeka,3726 La Follette Junction,2,A,Law,5,Jules,Bramble,2026-04-23,2026-02-13,,Predavac,5
416,Tiffi,Jatczak,2009-03-25,96115021129,Kendell,65782 Bartelt Terrace,35000,Munjul,Brodsko-posavska,Gimnazija Cvijet,013 Bobwhite Court,3,F,Chemistry,2,Linc,Schall,2026-01-23,2026-01-31,,Lecturer,4
417,Leupold,Tutchell,2010-07-28,67481178410,Ebeneser,77 Butternut Place,33400,Huikou,Krapinsko-zagorska,Gimnazija Zvijezda,238 Comanche Center,4,A,Law,4,Fremont,Bench,2025-11-09,2025-12-17,,Predavac,2
418,Johnathan,Brisbane,2008-06-22,60798199393,Titus,253 Sommers Pass,55000,Matai,Zagrebačka,Srednja škola Mjesec,600 Oakridge Pass,3,H,Geography,5,Melisandra,Skewis,2026-07-03,2026-04-09,,Visiting professor,4
419,Eadith,Connue,2011-05-22,31409700608,Cristobal,20 Graceland Park,12345,Iłowa,Dubrovačko-neretvanska,Gimnazija Drvo,716 Superior Junction,2,A,Criminal Justice,2,Katinka,Midlar,2025-11-24,2025-08-24,,Asistent,2
420,Ragnar,Lago,2009-06-21,60644456103,Bailey,71257 Pond Park,44500,Huskvarna,Požeško-slavonska,Osnovna škola Crna rupa,96317 Bonner Avenue,3,A,Mathematics,4,Angus,Dawltrey,2026-02-19,2026-05-16,,Lecturer,3
421,Tiff,Chaize,2008-10-03,65959943042,Alwyn,0 Truax Avenue,33400,Quwa,Požeško-slavonska,Tehnička škola Val,7 Clemons Terrace,2,A,History,1,Benedikta,Boak,2025-11-06,2025-11-24,,Profesor emeritus,5
422,Ferd,Emloch,2010-06-06,73925089600,Edvard,44804 Declaration Court,35000,Kizel,Osječko-baranjska,Srednja škola Mjesečina,23859 Fordem Center,1,C,Physical Education,1,Adrian,Chastang,2025-11-04,2026-02-13,,Lecturer,2
423,Den,Legh,2009-03-22,41000435454,Wash,1649 Esch Avenue,77000,Cái Nhum,Virovitičko-podravska,Gimnazija Jesen,377 Mesta Terrace,1,G,Law,3,Gabriella,Slinger,2026-03-01,2026-03-11,,Assistant professor,4
424,Kermit,Lindenbluth,2011-01-18,12707131589,Gasparo,0 Kedzie Park,11200,Kayu Agung,Sisačko-moslavačka,Osnovna škola Pustinja,8905 Green Ridge Trail,1,H,Sociology,3,Jordanna,De Mitri,2025-08-03,2025-08-16,,Profesor emeritus,3
425,Clea,McNeil,2009-08-21,57128171560,Felic,433 Sommers Parkway,66700,Insrom,Zagrebačka,Osnovna škola Sunčeva svjetlost,8873 Lillian Plaza,2,F,Art,3,Gunilla,Davidovsky,2026-07-29,2026-04-21,,Lecturer,3
426,Katharina,Deners,2012-12-14,46594185436,Yank,2367 Center Terrace,99000,Huibu,Lika-senjska,Osnovna škola Saturn,7837 Luster Plaza,2,E,Dentistry,3,Alida,O'Rodane,2025-08-21,2025-10-20,,Docent,4
427,Padraig,Ravelus,2008-11-23,32524228468,Wade,43 Arrowood Park,44500,Satka,Virovitičko-podravska,Osnovna škola Planeta X,72 Moulton Park,3,F,History,5,Kizzie,Pirie,2026-02-03,2025-11-21,,Lecturer,4
428,Amber,Counihan,2012-07-20,41893059185,Whittaker,070 Johnson Way,88900,Hamakita,Karlovačka,Osnovna škola Sunce,8 Montana Court,4,C,Economics,5,Leslie,Feveryear,2026-05-13,2025-09-27,,Lecturer,2
429,Helsa,Morecombe,2008-12-24,14411163508,Hayden,92321 Bunting Way,11000,Shazi,Krapinsko-zagorska,Umjetnička škola Mars,53 Macpherson Drive,1,E,Business,3,Mac,Ivanovic,2025-11-03,2025-08-25,,Adjunct professor,1
430,Ruperta,Blinerman,2011-09-02,36838675042,Gilburt,9889 Karstens Terrace,35000,Banjar Ponggang,Šibensko-kninska,Umjetnička škola Nebesko tijelo,3188 Manley Alley,2,D,History,4,Elenore,Priddey,2025-11-05,2025-09-18,,Profesor emeritus,1
431,Corenda,Granleese,2011-11-20,58045323882,Gunar,83644 Union Court,77000,Lucma,Dubrovačko-neretvanska,Umjetnička škola Nebesko tijelo,41807 Hoard Drive,1,G,Art,1,Link,Margerison,2026-01-09,2026-05-01,,Research professor,5
432,Donny,Bellerby,2009-09-14,91733347102,Norrie,045 Independence Pass,20000,Oshnavīyeh,Zadarska,Tehnička škola Val,0105 Knutson Hill,1,C,Engineering,3,Aldwin,Marchington,2025-08-30,2025-08-27,,Visiting professor,4
433,Dugald,Roseby,2008-02-28,55224853541,Arman,338 Goodland Point,54321,Licheng,Primorsko-goranska,Srednja škola Otok,3674 Monica Circle,4,A,Philosophy,1,Lib,Algy,2025-12-05,2026-03-16,,Predavac,5
434,Midge,Balloch,2010-05-18,98891477151,Bartel,252 Utah Avenue,44000,Bayt Dajan,Sisačko-moslavačka,Osnovna škola Voda,10 Brickson Park Plaza,1,F,Environmental Science,3,Maryellen,Darinton,2025-12-13,2025-12-19,,Lecturer,3
435,Queenie,Luff,2009-01-10,22348406848,Hube,66 Kings Plaza,44000,Timeng,Šibensko-kninska,Osnovna škola Rijeka,8500 Stone Corner Place,1,I,Marketing,2,Madlen,Drewitt,2025-09-26,2026-04-21,,Assistant professor,1
436,Bennie,Southernwood,2012-11-22,13234897443,Falkner,8496 Brown Park,44500,Kozhva,Zagrebačka,Osnovna škola Univerzum,6631 Commercial Pass,1,C,Astronomy,2,Natty,Tidbury,2025-09-18,2026-01-05,,Lecturer,3
437,Dolley,Shervil,2011-11-27,92864795350,Arv,163 Shelley Center,20000,Naranjito,Virovitičko-podravska,Umjetnička škola Mjesec,7264 Fuller Place,2,B,Anthropology,1,Max,Flukes,2026-04-11,2025-08-18,,Asistent,3
438,Loretta,Larkins,2008-04-19,24973256250,Kelly,215 Linden Junction,77000,Muruy,Virovitičko-podravska,Srednja škola Brdo,58872 Meadow Valley Drive,2,B,Business,5,Alys,Brunotti,2026-07-28,2025-12-23,,Docent,2
439,Cyndi,Basketter,2011-01-30,14659560525,Byrle,6 Pearson Terrace,66700,Chikwawa,Međimurska,Gimnazija Cvijet,41 Onsgard Street,3,F,Chemistry,4,Allx,Waddell,2025-08-11,2025-09-10,,Lecturer,2
440,Aldric,Brimson,2010-06-05,25641079782,Ky,7767 Commercial Parkway,77000,Maquiapo,Lika-senjska,Tehnička škola Svemir,8 Maple Wood Road,1,B,Physics,5,Elisabeth,Fairlamb,2026-05-20,2025-08-18,,Associate professor,5
441,Oneida,Hammett,2008-10-09,56242600797,Dorian,33365 Cody Trail,35000,Póvoa,Brodsko-posavska,Umjetnička škola Oblak,63 Mariners Cove Junction,4,E,Biology,3,Steffie,Postians,2025-10-30,2025-10-29,,Profesor emeritus,3
442,Carol,Beatens,2011-07-21,54694866995,Julius,71 New Castle Terrace,99000,Gustavsberg,Brodsko-posavska,Gimnazija Cvijet,09942 Luster Terrace,1,I,Anthropology,2,Catie,Drakeley,2025-11-20,2026-03-14,,Associate professor,2
443,Lesly,Arents,2009-04-30,87990362160,Derry,234 Loftsgordon Pass,88900,Chixi,Primorsko-goranska,Srednja škola Supernova,493 Vidon Drive,3,E,History,5,Annabelle,D'Oyly,2026-07-25,2025-11-19,,Associate professor,5
444,Cesare,Mathe,2008-07-05,67088948503,Clem,316 Kropf Road,44500,Dazhigu,Pazinska,Tehnička škola Kiša,253 Sutherland Court,3,F,Architecture,4,Lisle,Renneke,2025-12-08,2025-08-28,,Asistent,2
445,Flory,Woolforde,2009-08-05,16266658259,Chickie,43779 Barby Circle,88900,Bijie,Međimurska,Srednja škola Zemlja,2 Briar Crest Terrace,2,F,Mathematics,1,Beatrisa,Lehrer,2026-01-14,2026-04-08,,Lecturer,2
446,Torre,Gowland,2008-09-22,42418895557,Way,247 Judy Lane,44000,Göteborg,Pazinska,Osnovna škola Pustinja,71284 Burrows Way,4,I,Sociology,2,Alissa,Tysack,2026-07-24,2026-02-19,,Lecturer,1
447,Cloe,Scadden,2011-05-30,37045540504,Devland,13331 Donald Junction,35000,Vanáton,Krapinsko-zagorska,Srednja škola Brdo,713 Center Point,2,E,Anthropology,5,Wyndham,Ayers,2026-04-08,2025-09-03,,Assistant professor,2
448,Robinet,Kase,2010-03-31,85866285067,Tomkin,338 Surrey Street,35000,Matara,Šibensko-kninska,Srednja škola Galaksija,4168 Commercial Court,3,A,Art,3,Dusty,Sivyer,2026-02-15,2025-10-24,,Asistent,5
449,Rochester,Trengrove,2012-02-25,92251881584,Towny,3 Longview Plaza,11000,Witzenhausen,Splitsko-dalmatinska,Umjetnička škola Sunce,59716 Fremont Center,4,A,Veterinary,2,Staci,Benyon,2025-09-13,2025-08-30,,Docent,4
450,Cassi,Paroni,2010-08-18,71741725944,Filip,81670 Sachtjen Drive,88900,Värmdö,Pazinska,Gimnazija Komet,266 Rutledge Court,4,G,Economics,4,Broderick,Vickers,2026-01-07,2026-03-13,,Assistant professor,2
451,Dario,O'Hallagan,2009-01-18,54681746232,Waring,04499 Butternut Lane,22300,Gabahan,Požeško-slavonska,Osnovna škola Univerzum,2 Hazelcrest Junction,1,H,Criminal Justice,4,Morgana,Kennett,2025-09-19,2026-04-23,,Docent,4
452,Gradeigh,Jean,2012-06-05,43519546696,Tymothy,0546 Mosinee Center,22300,Hicksville,Koprivničko-križevačka,Tehnička škola Sunčev sustav,5534 Russell Crossing,1,H,Dentistry,2,Hasty,Grinvalds,2026-02-10,2025-10-22,,Lecturer,5
453,Debera,Bockmann,2009-05-17,24555712910,Tadeas,4336 Lunder Parkway,99000,Shapa,Krapinsko-zagorska,Srednja škola Meteor,7140 Russell Park,1,J,Sociology,3,Herby,Petris,2026-03-26,2026-04-15,,Predavac,2
454,Madison,Kyteley,2010-08-18,94599541975,Jessie,6844 Schurz Road,44000,Angao,Lika-senjska,Gimnazija Zvijezda,078 American Pass,3,D,Nursing,1,Conn,Grieger,2025-08-29,2025-09-18,,Lecturer,5
455,Sean,Fleming,2010-02-24,59712434335,Alessandro,18480 Maywood Trail,44000,Luleå,Karlovačka,Srednja škola Meteor,3531 Rigney Plaza,1,C,Anthropology,1,Dedie,Birchenough,2026-07-07,2026-07-19,,Research professor,1
456,Abdel,Robbs,2010-07-02,30900309827,Tyrone,4933 Maywood Hill,11200,Pulangbato,Splitsko-dalmatinska,Osnovna škola Šuma,48347 2nd Junction,2,D,Physics,1,Murry,Ryan,2026-07-06,2025-08-06,,Research professor,4
457,Nichol,Goeff,2009-10-08,16328378184,Minor,645 Dottie Place,22300,Camrose,Brodsko-posavska,Srednja škola Mjesečina,44885 Fremont Pass,4,A,Accounting,1,Mari,Lenihan,2025-09-19,2026-04-02,,Docent,2
458,Verge,Gilbard,2012-11-24,75102615486,Serge,44835 Hallows Point,20000,Yakovlevo,Bjelovarsko-bilogorska,Srednja škola Otok,587 Morrow Drive,3,I,Art,3,Sofia,Enever,2026-02-18,2026-01-12,,Predavac,1
459,Carmelia,Heinschke,2010-12-24,17800929045,Andres,8155 Cordelia Center,55000,Krapina,Krapinsko-zagorska,Umjetnička škola Nebesko tijelo,5 Stang Street,2,C,Literature,5,Abbey,Brearton,2025-10-12,2025-08-11,,Adjunct professor,1
460,Nikkie,Jennaroy,2008-05-23,25634878908,Nicolas,7560 Sutteridge Park,12345,Gamboula,Lika-senjska,Umjetnička škola Oblak,82272 Bonner Court,1,J,Law,2,Milissent,Churm,2026-05-03,2025-09-24,,Associate professor,5
461,Pebrook,Wimms,2012-12-28,58550390911,Gaultiero,69 Bluestem Parkway,54321,Mazowe,Brodsko-posavska,Tehnička škola Kiša,2688 Russell Point,4,G,Art,2,Benedict,Jewett,2026-07-30,2025-11-22,,Adjunct professor,5
462,Goddart,Witter,2009-08-18,20111757428,Reggis,33679 Elka Parkway,33400,Tempel,Varaždinska,Osnovna škola Zvijezda,37 Surrey Trail,2,H,History,4,Findley,Dalzell,2025-09-07,2026-07-09,,Asistent,1
463,Sigismond,Pope,2010-04-02,71279932586,Gonzales,30 Laurel Trail,66000,Pigí,Bjelovarsko-bilogorska,Tehnička škola Oblak,679 Towne Junction,1,C,Marketing,4,Ileane,Adame,2026-05-02,2026-03-17,,Docent,4
464,Neils,Spargo,2008-04-20,74598111848,Ralf,52 Butternut Terrace,20000,Kedian,Brodsko-posavska,Osnovna škola Rijeka,982 Summer Ridge Trail,4,J,Nursing,1,Sylas,Blindt,2026-04-30,2026-06-30,,Associate professor,5
465,Valera,Halburton,2012-09-09,67296495122,Jonah,999 Burning Wood Terrace,99000,São Pedro da Aldeia,Krapinsko-zagorska,Osnovna škola Pustinja,49 Cordelia Road,2,D,Economics,4,Tabatha,de la Tremoille,2026-03-15,2025-11-15,,Profesor emeritus,4
466,Sanders,Saffill,2010-03-27,10081928509,Hubert,71 Granby Avenue,77000,Antas,Primorsko-goranska,Osnovna škola Šuma,053 Tomscot Trail,1,I,Criminal Justice,4,Alden,Scourfield,2025-08-04,2025-09-15,,Docent,4
467,Lara,Scahill,2008-02-05,45524668821,Ring,8513 Northfield Center,66000,Bielsk Podlaski,Brodsko-posavska,Srednja škola Zemlja,63808 Lunder Park,1,J,Dentistry,3,Modesty,Hambrook,2026-05-04,2025-08-21,,Lecturer,1
468,Virginia,Korlat,2009-12-02,88590999898,Stanislaw,9 Northridge Trail,88900,Umeå,Bjelovarsko-bilogorska,Srednja škola Planeta,99576 Portage Point,2,E,Physics,4,Clemmy,Kaine,2026-05-21,2025-12-28,,Asistent,1
469,Ashbey,Wayper,2012-04-11,41390388985,Melvyn,65 Granby Drive,88900,Jingjiang,Vukovarsko-srijemska,Osnovna škola Planina,360 Ronald Regan Park,1,A,Accounting,2,Manuel,Cheine,2025-10-23,2026-04-21,,Predavac,2
470,Eada,Minney,2010-01-16,47888134118,Demetre,1 Mccormick Lane,55000,Gaxung,Zagrebačka,Srednja škola Proljeće,8446 Erie Hill,3,A,Accounting,4,Fergus,Willows,2026-06-07,2025-11-07,,Research professor,2
471,Millie,Sapshed,2008-10-17,59199052350,Bryanty,5 Sloan Crossing,55000,Lasek,Zagrebačka,Srednja škola Planeta,0 Trailsway Circle,3,B,Philosophy,5,Brianne,Dalgetty,2025-11-22,2026-02-24,,Asistent,1
472,Farlie,Eilhertsen,2011-07-28,90376510649,Dilan,83553 Victoria Alley,77000,Xin’an,Istarska,Gimnazija Cvijet,74 Helena Road,1,C,Marketing,3,Aldridge,Lawson,2026-06-10,2025-10-23,,Research professor,3
473,Rhodie,Hendrichs,2008-10-22,99614841557,Mar,313 Namekagon Center,99000,Darunban,Karlovačka,Tehnička škola Jupiter,536 Hoard Point,4,B,Physical Education,1,Toddy,Lowdwell,2026-05-27,2026-04-23,,Lecturer,5
474,Stan,Bensusan,2012-03-22,16173953832,Christoffer,14732 Boyd Park,99000,Calamba,Brodsko-posavska,Osnovna škola Zima,9381 Fieldstone Trail,4,B,Environmental Science,1,Fredrick,Pates,2026-06-01,2025-11-11,,Predavac,1
475,Juditha,Permain,2009-10-12,58727989922,Zack,0 Springview Drive,33400,Xinquansi,Dubrovačko-neretvanska,Osnovna škola Voda,267 Paget Court,2,G,Literature,2,Pattin,MacCrackan,2026-06-14,2025-09-01,,Visiting professor,1
476,Phil,Tuffield,2009-12-11,21883414680,Nathaniel,19 Hoepker Pass,66700,Alvide,Međimurska,Srednja škola Galaksija,2679 Oak Street,2,A,Music,2,Derwin,Rimington,2026-01-22,2025-12-05,,Lecturer,5
477,Ursa,Spink,2011-07-15,68428338951,Clark,61930 Corben Parkway,88000,Shencun,Virovitičko-podravska,Srednja škola Meteor,84929 Luster Parkway,3,D,Biology,1,Donella,Annetts,2025-08-06,2025-11-28,,Asistent,2
478,Timotheus,Monier,2008-07-13,16183095086,Lydon,82 Moose Street,54321,Nanqi,Bjelovarsko-bilogorska,Tehnička škola Sunčev sustav,17 Magdeline Alley,2,I,Sociology,4,Arny,Levy,2026-01-13,2025-12-01,,Predavac,4
479,Taite,Dobel,2012-09-10,28381448566,Sterling,615 Monica Alley,77800,Carthage,Vukovarsko-srijemska,Gimnazija Drvo,0 Randy Center,3,D,Economics,3,Norry,Milkins,2026-02-02,2026-07-12,,Asistent,4
480,Wildon,Udden,2010-04-11,98236117856,Siward,341 Oneill Street,11200,Tegalsari,Međimurska,Osnovna škola Ptica,4318 Emmet Parkway,2,I,Psychology,5,Georgena,Yushkov,2025-12-05,2026-01-02,,Visiting professor,1
481,Mercie,Dawtre,2010-02-15,15773150166,Lorenzo,0 Butterfield Court,99000,Cantuk Kidul,Brodsko-posavska,Tehnička škola Oblak,88 Eagle Crest Pass,2,G,English,2,Obediah,Noke,2026-01-08,2025-09-06,,Docent,4
482,Griffin,Mooney,2008-10-14,86145041827,Alfonse,03 Summerview Alley,55000,Lumsden,Vukovarsko-srijemska,Tehnička škola Val,0303 Armistice Crossing,2,D,Environmental Science,3,Waldo,Couroy,2026-03-02,2026-04-26,,Predavac,3
483,Brigitta,D'eath,2009-05-08,62676993310,Chadwick,0712 Bayside Avenue,12345,Ouyang,Zagrebačka,Osnovna škola Snijeg,762 Prairie Rose Place,3,H,Philosophy,1,Kania,Jannex,2025-09-15,2026-02-16,,Docent,4
484,Albertina,Free,2009-12-05,58946927373,Farrel,0 Dakota Point,44000,Sātkhira,Vukovarsko-srijemska,Gimnazija Jesen,62808 7th Drive,1,E,Criminal Justice,4,Katey,Hovington,2025-10-21,2026-01-26,,Assistant professor,4
485,Zeke,Durno,2009-01-16,41149402079,Sylvan,81489 Mcguire Circle,20000,Chotepe,Pazinska,Gimnazija Drvo,822 Westridge Pass,3,A,Literature,4,Porty,Gentry,2025-08-28,2025-11-17,,Docent,3
486,Eula,Foreman,2012-08-17,42135486974,Sigismond,900 Susan Center,20000,Kajiki,Virovitičko-podravska,Tehnička škola Kiša,0845 Bunker Hill Pass,2,A,Dentistry,5,Lionel,Burkett,2025-11-17,2026-07-22,,Profesor emeritus,5
487,Nick,Dalli,2010-04-27,81214009067,Ruy,8 Sachtjen Alley,66700,Soe,Brodsko-posavska,Tehnička škola Kiša,6099 Norway Maple Alley,4,J,Art,3,Florie,Walwood,2026-05-14,2026-07-21,,Adjunct professor,2
488,Agustin,Iskowicz,2008-04-28,41051995447,Archaimbaud,97 Lillian Center,77800,Gorzkowice,Brodsko-posavska,Gimnazija Drvo,9803 Colorado Lane,4,J,Mathematics,1,Imelda,Syvret,2026-02-03,2026-03-03,,Lecturer,4
489,Chickie,Rannald,2009-03-18,15101717662,Dannel,6216 Northwestern Place,66700,Golopau,Međimurska,Srednja škola More,04 Paget Center,4,E,Engineering,5,Rudie,Alder,2026-03-19,2026-07-09,,Profesor emeritus,4
490,Annabela,Patty,2009-03-04,34367932981,Weston,10 Sloan Park,22300,Badrah,Primorsko-goranska,Srednja škola Zemlja,2323 Northport Plaza,3,D,Political Science,1,Iolanthe,Connachan,2025-09-23,2025-09-10,,Adjunct professor,1
491,Paolo,Dalman,2009-12-10,76787511235,Rickert,2 Sheridan Avenue,66000,Shamkhor,Šibensko-kninska,Osnovna škola Cvijet,59155 Londonderry Park,2,B,Economics,5,Kalle,Russam,2026-01-22,2026-03-31,,Docent,4
492,Damara,Kilshaw,2011-04-26,69016852970,Arie,9330 Browning Parkway,55600,Aurora,Šibensko-kninska,Srednja škola More,26 Morning Place,2,I,Physical Education,5,Odessa,Coutthart,2025-08-29,2026-01-11,,Profesor emeritus,4
493,Federico,Kelston,2011-04-30,61301592143,Vaclav,72563 Mcguire Hill,44000,Kopychyntsi,Bjelovarsko-bilogorska,Osnovna škola Snijeg,81969 Glacier Hill Street,3,I,Accounting,2,Brietta,Gannon,2025-11-21,2026-02-23,,Predavac,2
494,Nevin,Loughren,2008-11-16,11973694315,Westbrook,17 Novick Point,99000,Wuquan,Vukovarsko-srijemska,Tehnička škola Val,6 Londonderry Junction,4,F,Music,5,Merv,Kittredge,2026-02-04,2025-12-08,,Assistant professor,3
495,Renae,Casseldine,2011-08-10,29839537863,Tull,73 Porter Crossing,12345,Muriaé,Osječko-baranjska,Osnovna škola Trava,14 Bunting Way,3,F,Business,2,Dynah,Bonnette,2025-08-03,2026-03-06,,Asistent,5
496,Kassey,Kreutzer,2009-08-05,54206027026,Blane,0 Buhler Parkway,77800,Enzan,Zadarska,Osnovna škola Sunce,190 Roth Drive,2,G,Political Science,2,Demetra,Gully,2026-03-26,2026-02-04,,Predavac,4
497,Dara,Beeble,2010-01-08,46881298823,Baxie,15 Roth Park,55000,Burgas,Koprivničko-križevačka,Srednja škola Zemlja,53 Trailsway Terrace,4,G,Music,3,Neale,Ambroziak,2025-10-18,2026-01-06,,Research professor,2
498,Meridith,Proudlock,2009-10-06,35601843703,Matteo,2 Lakewood Gardens Circle,77800,Yueyahe,Vukovarsko-srijemska,Srednja škola Planeta,59 Roth Crossing,2,G,Dentistry,1,Corabelle,Lotze,2026-02-08,2026-02-23,,Profesor emeritus,1
499,Pen,Questier,2008-10-07,37263820647,Bradan,36216 Bunting Avenue,44500,Lidun,Bjelovarsko-bilogorska,Umjetnička škola Mars,38 Pennsylvania Pass,4,F,Literature,2,Roslyn,Maclean,2026-07-25,2025-12-24,,Profesor emeritus,3
500,Shaylynn,Kensett,2010-12-02,18198144711,Jackie,95 Bunting Court,77000,North Little Rock,Dubrovačko-neretvanska,Osnovna škola Planeta X,9 Hansons Center,4,D,Biology,4,Bernarr,Cregin,2025-08-01,2025-12-25,,Profesor emeritus,3
501,Lesley,Freckleton,2010-08-13,98379185402,Karlik,2211 Waxwing Crossing,54321,Binhe,Zadarska,Srednja škola Otok,6509 Pine View Parkway,1,E,Mathematics,2,Sharona,Alison,2025-10-16,2025-09-14,,Profesor emeritus,4
502,Cathi,Amburgy,2011-07-29,78721430272,Burch,31039 6th Center,35000,Pantai Ceuremen,Virovitičko-podravska,Osnovna škola Trava,78277 Hermina Trail,3,H,English,4,Carlyn,Carloni,2026-02-13,2026-06-05,,Associate professor,5
503,Elston,Itzcovichch,2012-12-20,63731210281,Baillie,985 Warbler Trail,66000,Whakatane,Krapinsko-zagorska,Osnovna škola Crna rupa,2858 Rockefeller Park,3,H,Business,3,Blondie,Pigden,2025-12-24,2025-10-16,,Research professor,2
504,Penrod,Pevie,2010-08-25,82014280614,Elwyn,597 Truax Alley,54321,San José Poaquil,Koprivničko-križevačka,Osnovna škola Trava,302 Forster Trail,2,A,Astronomy,3,Ella,McGeechan,2026-03-28,2025-09-07,,Docent,3
505,Josh,Simmers,2009-07-27,78033734182,Codie,37701 Toban Drive,88900,Huilongshan,Pazinska,Srednja škola Mjesečina,2 Logan Lane,3,J,Political Science,3,Pavel,Fraanchyonok,2025-10-29,2026-05-23,,Research professor,3
506,Dulsea,Gomm,2008-10-03,89090099304,Tobe,8 Farragut Court,99000,Jankovec,Vukovarsko-srijemska,Tehnička škola Jupiter,40231 Lakeland Alley,3,H,Veterinary,2,Ulric,Klain,2025-12-14,2025-12-16,,Profesor emeritus,1
507,Mame,Veysey,2008-02-16,67853776874,Granger,5012 Dryden Point,55600,Wulan Hada,Bjelovarsko-bilogorska,Osnovna škola Trava,8762 Briar Crest Trail,4,J,Nursing,3,Donia,Pergens,2026-04-07,2025-12-09,,Assistant professor,4
508,Hyacinth,Cosson,2008-07-16,71492710493,Howey,78 Carioca Crossing,44000,Białośliwie,Lika-senjska,Osnovna škola Univerzum,594 Florence Circle,4,G,Medicine,2,Amara,Coggon,2025-12-07,2026-01-25,,Asistent,5
509,Jolee,Abramovitch,2008-03-23,77075958845,Salvatore,519 Sage Alley,88000,Promyshlennovskiy,Dubrovačko-neretvanska,Gimnazija Vjetar,24740 Clyde Gallagher Lane,2,J,Chemistry,3,Forrester,Betteridge,2026-06-17,2025-10-27,,Lecturer,4
510,Arny,Truter,2009-10-06,68451872833,Moise,2019 West Drive,77800,Xinying,Dubrovačko-neretvanska,Srednja škola Proljeće,721 Iowa Center,3,J,Criminal Justice,1,Merralee,Pallis,2025-08-02,2025-08-12,,Predavac,4
511,Stanley,Robuchon,2010-10-26,43034761204,Andy,2893 Graceland Plaza,44000,Redakodi,Splitsko-dalmatinska,Osnovna škola Saturn,0068 Crownhardt Lane,1,H,Dentistry,2,Jefferson,Kleyn,2025-09-28,2026-07-17,,Assistant professor,1
512,Gisela,Pagelsen,2012-09-21,15610631377,Kippie,3260 Gateway Drive,22300,Saint Petersburg,Brodsko-posavska,Srednja škola Proljeće,684 Brentwood Lane,4,J,Astronomy,5,Bert,Rosenthaler,2026-04-25,2025-12-01,,Adjunct professor,4
513,Nichole,Queree,2009-06-29,45158195300,Ansel,22 Tennyson Pass,44500,Andong,Koprivničko-križevačka,Osnovna škola Sunčeva svjetlost,88 Cherokee Trail,3,H,Architecture,5,Chantalle,Lynett,2026-03-17,2025-11-26,,Asistent,5
514,Maurie,Doughtery,2010-03-14,18432909928,Shae,1464 Lyons Avenue,55000,Newmarket on Fergus,Krapinsko-zagorska,Srednja škola Planeta,07354 Evergreen Lane,2,E,Dentistry,1,Zarah,Bollans,2025-12-06,2025-08-25,,Assistant professor,5
515,Keefer,Ugo,2012-06-15,35550750386,Germayne,5640 Darwin Road,99000,Gangkou,Dubrovačko-neretvanska,Tehnička škola Kiša,7263 Mcguire Plaza,1,E,Literature,5,Catriona,Fearenside,2025-11-05,2026-04-16,,Asistent,3
516,Dwain,Dobbyn,2012-08-04,69773816114,Weber,379 Summerview Terrace,33400,Baise City,Varaždinska,Tehnička škola Oblak,58364 Vahlen Road,4,H,Psychology,1,Ralf,Hemphill,2025-08-21,2025-12-23,,Predavac,5
517,Fidel,Timny,2008-04-03,36928727476,Tull,278 Sunnyside Pass,12345,Padaimut,Šibensko-kninska,Osnovna škola Voda,45 Gateway Park,3,I,Literature,4,Mata,Hayball,2026-06-16,2025-11-18,,Research professor,5
518,Jobye,Serridge,2011-04-19,91478126409,Caspar,1 Delladonna Avenue,99000,Chishui,Brodsko-posavska,Umjetnička škola Oblak,0822 Melvin Place,2,D,Music,1,Jody,Tother,2025-09-19,2025-10-22,,Visiting professor,4
519,Parry,Mazin,2009-02-20,80683072243,Dane,059 Clemons Alley,33400,Shijing,Dubrovačko-neretvanska,Osnovna škola Planina,4 Ronald Regan Court,2,E,Dentistry,3,Zorah,Antyukhin,2025-11-24,2026-01-13,,Assistant professor,3
520,Cissy,Tompkins,2008-03-07,58853008785,Mar,6 Butternut Alley,55600,Wan’an,Dubrovačko-neretvanska,Tehnička škola Sunčev sustav,428 Holy Cross Crossing,3,I,Business,3,Marquita,Scay,2026-05-14,2025-08-29,,Assistant professor,2
521,Kinna,Habgood,2012-09-04,16100160778,Dukey,64082 Summit Park,55600,Hongxing,Istarska,Srednja škola Ljeto,809 Aberg Pass,1,I,Business,4,Freeland,Dulson,2025-10-09,2025-11-07,,Lecturer,3
522,Stacey,Chillingsworth,2008-03-09,84518779546,Kaspar,88 Bunting Place,66700,Ulbroka,Sisačko-moslavačka,Umjetnička škola Mjesec,37663 Red Cloud Way,2,C,History,1,Buddie,Ghione,2026-07-01,2026-06-09,,Assistant professor,4
523,Jo ann,Rollitt,2011-10-03,76445629308,Rowland,1 Mockingbird Avenue,44000,Pregrada,Pazinska,Gimnazija Vjetar,06 Jackson Hill,1,B,Marketing,5,Vin,Macknish,2025-11-01,2026-07-27,,Docent,2
524,Iorgos,Biddle,2012-04-06,38831416046,Stanislaus,349 Oneill Terrace,99000,Poste de Flacq,Zagrebačka,Srednja škola Brdo,246 Redwing Court,2,D,Criminal Justice,5,Noemi,Maffini,2026-07-14,2026-02-17,,Adjunct professor,3
525,Mano,Ramsdell,2008-07-06,72879764702,Julian,53991 Rutledge Center,35000,Liufeng,Koprivničko-križevačka,Tehnička škola Oblak,0 Pawling Junction,1,I,Chemistry,2,Theodora,Aggas,2026-05-14,2025-11-23,,Assistant professor,1
526,Moises,Hastwell,2010-08-13,29199987247,Micheil,02072 Florence Point,44000,Tebingtinggi,Karlovačka,Osnovna škola Sunčeva svjetlost,77912 Nobel Junction,4,F,Mathematics,2,Zonda,Paolicchi,2026-04-03,2025-11-14,,Associate professor,4
527,Jourdain,Gyenes,2011-04-25,61623914819,Thomas,1507 Oakridge Trail,66700,Tipo-Tipo,Osječko-baranjska,Umjetnička škola Oblak,17 1st Crossing,1,H,Environmental Science,3,Wyatt,Enriquez,2025-12-07,2026-04-21,,Associate professor,5
528,Estevan,Alvares,2012-11-11,85894012921,Guntar,88640 Logan Street,99000,Dezhou,Osječko-baranjska,Tehnička škola Svemir,1 Autumn Leaf Drive,4,H,Anthropology,1,Dani,Robiou,2025-12-29,2026-04-16,,Adjunct professor,4
529,Kissie,Throughton,2009-11-11,98623074009,Conant,71390 Memorial Court,44000,Moshenskoye,Šibensko-kninska,Srednja škola Proljeće,487 West Circle,2,C,Geography,4,Veronique,Wingar,2026-07-29,2026-07-25,,Visiting professor,5
530,Elva,Moff,2010-05-30,43842800610,Wainwright,26670 Oxford Way,22300,Värnamo,Bjelovarsko-bilogorska,Umjetnička škola Nebesko tijelo,18 Memorial Way,4,J,Engineering,4,Saree,Hatwell,2026-02-23,2026-06-10,,Predavac,2
531,Cordie,Cairney,2011-02-05,41068924081,Lewie,108 Steensland Crossing,88000,Hoxtolgay,Istarska,Tehnička škola Svemir,06407 Transport Point,4,F,Computer Science,2,Valentino,Coslett,2025-09-11,2025-11-13,,Predavac,1
532,Jarrett,Grishanin,2010-02-09,94555747448,Weylin,430 Sutherland Point,55600,Kwikila,Zagrebačka,Umjetnička škola Nebesko tijelo,3 Vidon Center,3,I,Anthropology,4,Elfrida,Phaup,2025-09-16,2026-02-14,,Profesor emeritus,5
533,Myrtie,Wetherburn,2012-09-06,55101333327,Kimbell,192 Pankratz Trail,54321,Panjiang,Pazinska,Osnovna škola Sunčeva svjetlost,00 Towne Lane,1,I,Economics,5,Adlai,Durbyn,2026-02-02,2026-05-11,,Profesor emeritus,4
534,Ev,Casey,2009-05-19,86727187823,Carolus,8 Fallview Parkway,77000,Luče,Brodsko-posavska,Osnovna škola Sunce,00 Redwing Avenue,1,H,Economics,1,Dorotea,Childes,2025-10-22,2026-05-03,,Research professor,4
535,Dodie,Zoephel,2012-10-31,32183914378,Andros,36358 Ryan Point,20000,Slavgorod,Varaždinska,Osnovna škola Pustinja,755 Hagan Circle,4,G,Economics,2,Tabby,Noirel,2026-03-19,2026-05-01,,Lecturer,5
536,Murray,Spruce,2009-01-19,97423636607,Benjy,6 Swallow Plaza,12345,Jaguarari,Sisačko-moslavačka,Srednja škola Supernova,95735 Arapahoe Park,4,D,Accounting,1,Karrie,Burrage,2025-12-02,2025-09-20,,Research professor,3
537,Neil,Parradice,2011-05-26,19374981604,Freedman,37553 Thierer Parkway,54321,Boracéia,Vukovarsko-srijemska,Osnovna škola Planina,999 Waxwing Parkway,3,E,Astronomy,4,Duncan,Stinson,2025-11-01,2026-03-03,,Asistent,2
538,Steffi,Renshaw,2010-06-13,41784546592,Oates,02065 Summer Ridge Court,12345,São Félix do Xingu,Splitsko-dalmatinska,Osnovna škola Saturn,65 Melby Park,2,J,Chemistry,3,Whit,Lanegran,2025-08-14,2025-09-10,,Associate professor,2
539,Baxie,Blaver,2008-01-21,46499408832,Sinclare,2 Superior Junction,99000,Xylókastro,Vukovarsko-srijemska,Tehnička škola Svemir,35 Larry Drive,3,H,Law,1,Sadye,D'Elias,2026-02-17,2026-07-27,,Lecturer,3
540,Reinhold,Birth,2008-06-30,54694187453,Alfy,50 Hudson Center,66000,Prior Velho,Karlovačka,Umjetnička škola Oblak,347 Tennessee Terrace,4,I,Mathematics,4,Sasha,Wyllis,2026-04-15,2025-09-25,,Profesor emeritus,4
541,Madeleine,Langhorn,2010-08-11,84608409179,Emery,9030 Sunbrook Crossing,44000,Ambian,Splitsko-dalmatinska,Tehnička škola Jupiter,74 Leroy Court,2,H,Political Science,3,David,Wheatcroft,2026-03-24,2025-10-18,,Lecturer,3
542,Chadwick,Saunter,2008-09-27,80988128252,Fleming,171 Fremont Center,66700,General Conesa,Bjelovarsko-bilogorska,Osnovna škola Zvijezda,70707 Hovde Hill,2,B,Astronomy,5,Lyn,Scandred,2025-10-09,2025-09-27,,Asistent,4
543,Bar,Hurdidge,2009-02-19,45077177254,Zacherie,97 Namekagon Street,11000,Dongshangguan,Karlovačka,Tehnička škola Sunčev sustav,42703 Roth Place,3,I,Biology,1,Debby,Attwoul,2025-08-13,2026-02-02,,Visiting professor,3
544,Leonelle,Halkyard,2010-09-09,10400095078,Ruby,84931 Nelson Drive,88900,Taoyuan,Varaždinska,Osnovna škola Zima,89 Stang Court,4,G,Dentistry,1,Cheslie,Lobell,2026-06-08,2025-10-03,,Docent,3
545,Janos,Rosingdall,2012-03-01,71111038703,Giles,51 Farmco Avenue,55000,Banhā,Vukovarsko-srijemska,Srednja škola Meteor,46821 Starling Point,4,F,Mathematics,2,Demetris,Feares,2026-04-10,2025-09-23,,Predavac,5
546,Corrinne,Pears,2012-11-14,42800599639,Freeland,37186 Johnson Drive,66700,Kunheda Woerzu Manzu,Požeško-slavonska,Umjetnička škola Mjesec,6 Alpine Plaza,3,B,Chemistry,3,Claire,Francecione,2026-06-04,2026-04-16,,Asistent,4
547,Roderich,Dunrige,2012-12-31,32493628191,Barbabas,7381 Schmedeman Plaza,55000,Delft,Varaždinska,Tehnička škola Val,8279 Kenwood Center,1,C,Engineering,2,Earl,Menghi,2025-12-11,2026-03-16,,Docent,3
548,Gilemette,Southby,2009-01-18,66358554199,Tyler,6 Hovde Pass,66000,Marbel,Pazinska,Srednja škola Zemlja,3224 Buhler Place,1,F,Business,1,Vladimir,Poytress,2026-02-04,2025-11-09,,Asistent,3
549,Luella,Ianne,2011-06-21,39608571897,Town,19 Esch Way,77000,Nova Pazova,Sisačko-moslavačka,Gimnazija Komet,620 Chive Alley,3,B,Political Science,2,Tamiko,De Blasiis,2025-11-09,2026-01-28,,Predavac,2
550,Evaleen,McAlinion,2008-03-22,31036646656,Kleon,819 Sunnyside Road,99000,El Progreso,Bjelovarsko-bilogorska,Srednja škola Brdo,4031 Schurz Crossing,4,D,Mathematics,2,Brooke,Truggian,2026-02-24,2026-01-15,,Lecturer,3
551,Henrie,Delete,2011-11-25,65378415935,Arvy,9 Wayridge Avenue,77800,Cimo de Vila,Zagrebačka,Osnovna škola Cvijet,2939 Stoughton Road,2,E,Computer Science,5,Joletta,Nanninini,2026-04-11,2026-03-22,,Lecturer,3
552,Adolf,Onions,2010-06-10,46403330359,Bernarr,8 Tennyson Trail,11000,Rumburk,Šibensko-kninska,Umjetnička škola Nebesko tijelo,30 Bunting Trail,2,E,Nursing,4,Rachael,Woltman,2026-05-25,2025-11-11,,Asistent,5
553,Aindrea,Van Dale,2010-09-25,25522695451,Tye,3306 Daystar Court,66700,Winston Salem,Virovitičko-podravska,Umjetnička škola Sunce,5617 Pleasure Lane,2,D,English,4,Chaddie,Bruhke,2025-08-14,2026-05-22,,Docent,4
554,Jermain,Moore,2010-07-26,29936898702,Nichole,0051 Mayfield Road,77000,Shuibian,Šibensko-kninska,Osnovna škola Asteroid,80 Mockingbird Hill,3,I,Nursing,1,Nerissa,Conway,2026-04-25,2025-11-16,,Predavac,3
555,Paten,Bladen,2009-02-03,24038834222,Murdock,90462 Anzinger Pass,66000,Chang’an,Krapinsko-zagorska,Umjetnička škola Mars,37 7th Way,4,J,Architecture,2,Issi,Housin,2026-01-24,2026-06-26,,Assistant professor,1
556,Minny,Brunet,2011-11-24,76162891422,Jamesy,9106 Harbort Pass,55000,Labuhanlalar,Dubrovačko-neretvanska,Osnovna škola Zvijezda,0 Larry Pass,1,D,Philosophy,3,Violet,Filmer,2025-09-11,2026-05-22,,Adjunct professor,2
557,Zora,Catonne,2012-11-03,65782988798,Jacobo,59943 Badeau Park,77800,Houxiang,Šibensko-kninska,Osnovna škola Pustinja,405 Crownhardt Plaza,2,A,History,3,Caressa,Coaster,2025-08-19,2026-01-12,,Predavac,5
558,Tybie,Kinvig,2008-02-02,47606313850,Patty,67 Summer Ridge Hill,11000,San Matías,Vukovarsko-srijemska,Osnovna škola Snijeg,73 Fair Oaks Terrace,3,D,History,5,Hayley,Moxon,2025-10-24,2026-05-11,,Assistant professor,2
559,Munroe,Mills,2012-11-05,69475486366,Gerek,847 Lukken Circle,20000,Wuyanquan,Vukovarsko-srijemska,Umjetnička škola Nebesko tijelo,1189 Rieder Circle,1,A,Anthropology,5,Sigrid,Basset,2025-12-28,2025-12-18,,Assistant professor,2
560,My,Ellerker,2010-01-17,30082562651,Bailie,11560 Jackson Parkway,66700,Artemisa,Požeško-slavonska,Umjetnička škola Sunce,86138 Manitowish Parkway,4,B,Accounting,2,Nani,Tague,2026-02-11,2025-10-15,,Lecturer,5
561,Jo ann,Danieli,2010-08-12,51424279601,Abner,318 Comanche Lane,20000,Lagoa Santa,Požeško-slavonska,Osnovna škola Voda,9 Waubesa Point,2,A,Criminal Justice,2,Terrill,Whiterod,2026-03-09,2025-11-17,,Predavac,4
562,Estelle,MacKnight,2009-05-18,13588902082,Mike,2 Browning Plaza,66000,Zambujeira,Koprivničko-križevačka,Umjetnička škola Oblak,27568 Lillian Road,4,C,Sociology,2,Saudra,Gyurko,2025-12-30,2025-10-20,,Adjunct professor,3
563,Roma,Boutellier,2011-11-30,71084108537,Brod,803 Stuart Center,33400,Tagbacan Ibaba,Zadarska,Osnovna škola Planeta X,1900 Sherman Street,4,A,Chemistry,1,Faina,Wraxall,2025-11-12,2026-02-13,,Docent,5
564,Paton,Puttergill,2008-06-10,75227614407,Sinclair,75 Lindbergh Crossing,11200,Heping,Međimurska,Tehnička škola Val,1 Autumn Leaf Circle,4,G,History,3,Ellsworth,Loosmore,2025-10-12,2025-11-29,,Adjunct professor,2
565,Carline,Shimwall,2010-07-08,45265780218,Robinson,377 Elgar Court,22300,Karangampel,Brodsko-posavska,Osnovna škola Univerzum,23 Ridgeway Pass,4,E,Economics,5,Blondy,Beyer,2025-10-27,2025-10-12,,Profesor emeritus,3
566,Sibelle,Andreasson,2008-04-21,58147542914,Sutherland,7 Kim Street,11200,Birowo,Vukovarsko-srijemska,Osnovna škola Planeta X,3 Almo Street,1,E,Music,4,Sheri,Gracewood,2026-04-02,2026-06-13,,Predavac,5
567,Ara,Gibb,2010-12-23,65607324826,Alasteir,53 Stang Way,88900,Krasnodon,Međimurska,Srednja škola Otok,6925 Golf View Lane,4,C,Anthropology,5,Rosene,Mossom,2026-01-11,2025-08-10,,Asistent,2
568,Doralia,Mucklestone,2009-12-03,29609362172,Evered,9567 Division Plaza,55600,Velikiye Borki,Šibensko-kninska,Tehnička škola Sunčev sustav,27611 Superior Park,4,J,Sociology,3,Juliane,Bruins,2026-03-30,2025-12-11,,Predavac,2
569,Jedd,Huttley,2010-01-17,75976853792,Maxwell,0481 Merry Circle,11000,Mayo Belwa,Krapinsko-zagorska,Umjetnička škola Oblak,2 Bonner Way,2,B,Marketing,5,Krisha,Dixey,2025-09-23,2026-05-03,,Visiting professor,5
570,Lelah,Mirralls,2008-07-25,52644175041,Ennis,74 Old Gate Terrace,88900,Tršić,Krapinsko-zagorska,Srednja škola Zemlja,74177 Mallard Lane,1,B,Anthropology,4,Dorice,Klemke,2026-04-15,2025-08-28,,Predavac,4
571,Pippy,Melhuish,2010-03-29,98827046399,Donaugh,650 Valley Edge Terrace,20000,Hongping,Šibensko-kninska,Srednja škola Planeta,0 Ronald Regan Street,2,H,Geography,4,Druci,Havick,2026-01-01,2025-11-13,,Visiting professor,2
572,Britte,Empleton,2011-08-21,72800978604,Humberto,1 Nova Lane,35000,Taiping,Primorsko-goranska,Srednja škola Meteor,11937 Wayridge Circle,2,F,Physics,4,Candice,Kale,2026-03-15,2026-02-09,,Visiting professor,5
573,Lynea,Bonefant,2009-02-07,13099238347,Ernst,57 Sauthoff Center,11000,Partido,Primorsko-goranska,Srednja škola Proljeće,3199 Portage Street,3,A,Law,5,Baryram,Petkens,2025-12-09,2025-12-15,,Associate professor,4
574,Lethia,Lere,2010-07-03,90251911976,Herschel,238 Russell Avenue,44000,Sioguí Abajo,Varaždinska,Srednja škola Ljeto,91142 Red Cloud Avenue,3,E,Astronomy,2,Teresina,Samart,2026-05-12,2025-11-10,,Assistant professor,3
575,Delores,Joutapavicius,2012-03-19,63473613182,Shelden,9475 Waywood Drive,66000,Växjö,Krapinsko-zagorska,Osnovna škola Trava,3760 Onsgard Point,2,D,Music,4,Dukie,Yuranovev,2026-03-20,2026-04-18,,Asistent,5
576,Francis,Aucourte,2012-07-22,32329707834,Everard,3 Spaight Plaza,66000,Zhaowanzhuang,Zadarska,Srednja škola Zemlja,3785 Melody Hill,3,E,Criminal Justice,3,Thorsten,Axel,2025-08-09,2026-04-05,,Lecturer,4
577,Clark,Stoffels,2010-08-04,46712272509,Beniamino,672 Paget Parkway,55000,Montluçon,Šibensko-kninska,Gimnazija Jesen,9168 Little Fleur Lane,4,E,Nursing,2,Drusie,Lucken,2026-02-19,2025-11-11,,Visiting professor,4
578,Kimmie,Ceci,2009-08-18,26210229539,Niccolo,2 Dawn Way,20000,Hamm,Karlovačka,Umjetnička škola Sunce,851 Garrison Crossing,4,E,Art,5,Channa,Urey,2025-11-15,2026-04-01,,Docent,4
579,Pernell,Ferronier,2009-09-24,26504361999,Brockie,95 Grim Drive,11000,Motala,Istarska,Srednja škola Proljeće,45094 Shelley Street,3,D,Political Science,4,Tish,Dell Casa,2026-05-15,2026-04-12,,Docent,3
580,Georgeta,Lachaize,2012-08-22,48460742678,Sven,7899 Thierer Pass,20000,Hirado,Koprivničko-križevačka,Tehnička škola Oblak,2509 Upham Crossing,4,J,Veterinary,5,Ethelda,Whistlecroft,2025-11-04,2026-06-29,,Asistent,4
581,Kevan,Veel,2012-05-31,86713441824,Jarrod,16830 Fuller Alley,55600,Erdaojiang,Krapinsko-zagorska,Osnovna škola Cvijet,48346 Lakeland Street,2,J,Engineering,1,Roland,Purchon,2026-05-26,2025-12-19,,Assistant professor,1
582,Richart,Cubbino,2012-01-13,78957203550,Marwin,882 Holmberg Court,35000,Krajan,Karlovačka,Srednja škola More,5 Bonner Circle,2,I,Chemistry,5,Lisabeth,Hadkins,2026-04-19,2025-11-07,,Adjunct professor,3
583,Marty,Hovard,2012-04-09,67103516276,Rad,7 Stuart Park,33400,Waina,Požeško-slavonska,Tehnička škola Svemir,68336 Nobel Center,1,G,Architecture,1,Blaine,Oehme,2025-08-21,2026-06-10,,Adjunct professor,1
584,Cissiee,Timmons,2012-09-12,92174175802,Natale,712 Gale Lane,54321,Xinlong,Požeško-slavonska,Umjetnička škola Mjesec,291 Roth Parkway,1,J,Astronomy,1,Burke,Zuanelli,2026-04-25,2026-01-06,,Asistent,2
585,Whittaker,Quartermaine,2009-06-08,36749794891,Cyrus,1223 Columbus Street,44500,Stockholm,Lika-senjska,Osnovna škola Ptica,3765 Chive Lane,1,I,Literature,1,Lauritz,Dies,2025-10-28,2026-02-05,,Profesor emeritus,5
586,Arlen,Seer,2009-09-01,83539336205,Riley,684 Ridgeview Junction,77000,San Fernando,Splitsko-dalmatinska,Gimnazija Cvijet,809 Springview Road,1,G,Medicine,3,Dion,Serris,2026-05-05,2025-08-01,,Docent,4
587,Consuelo,Trousdell,2009-02-03,40886527137,Lynn,326 Melby Crossing,20000,Kiloloran,Dubrovačko-neretvanska,Osnovna škola Asteroid,1 Mallory Drive,2,H,Anthropology,2,Rickie,Troppmann,2026-02-05,2026-06-12,,Profesor emeritus,2
588,Genia,McCrae,2012-03-06,95127894168,Bartlett,8 Manley Trail,35000,Kamloops,Zadarska,Srednja škola Ljeto,6197 Hudson Avenue,2,D,Environmental Science,4,Burton,Tomkin,2025-11-11,2026-06-03,,Profesor emeritus,3
589,Mommy,Zukerman,2010-06-22,61581222244,Bogey,6444 Manufacturers Center,11000,Duayaw Nkwanta,Vukovarsko-srijemska,Osnovna škola Crna rupa,1 Hansons Center,1,C,Medicine,5,Hayes,Giorgio,2026-07-24,2026-03-10,,Assistant professor,3
590,Gibby,Wickins,2011-06-23,45234289056,Barth,46 Darwin Trail,35000,Saint Cloud,Vukovarsko-srijemska,Osnovna škola Planina,85304 Monument Junction,3,I,Veterinary,5,Nicola,Bagshaw,2025-12-29,2026-06-13,,Profesor emeritus,4
591,Dud,Cleyburn,2011-08-23,58790292333,Forest,1 Killdeer Park,12345,Larap,Istarska,Osnovna škola Asteroid,3 Bellgrove Point,4,H,Accounting,2,Sal,Bahlmann,2026-05-04,2026-01-10,,Associate professor,1
592,Morgan,Suggate,2008-04-09,97297201739,Lucien,845 Sachs Avenue,44500,Petrodvorets,Zadarska,Osnovna škola Zima,81 Waubesa Hill,3,E,Political Science,5,Maryl,Plaide,2026-03-24,2026-03-17,,Profesor emeritus,3
593,Kalle,Della,2012-09-12,27392901250,Ches,0 Bartelt Alley,66000,Koten,Karlovačka,Osnovna škola Rijeka,2 Schmedeman Lane,3,F,Art,1,Theodosia,Davidek,2025-10-12,2025-09-09,,Associate professor,3
594,Sandra,Carbine,2012-08-16,57635449400,Feodor,6 Harbort Circle,66000,Khakhea,Brodsko-posavska,Gimnazija Cvijet,19271 Doe Crossing Crossing,3,J,Environmental Science,4,Reade,Lehrahan,2025-12-02,2026-01-10,,Lecturer,3
595,Abbi,Dilgarno,2008-04-29,41228705160,Goober,23191 Jay Way,55600,La Libertad,Požeško-slavonska,Osnovna škola Asteroid,54 Sauthoff Park,3,C,Sociology,2,Hobard,Feehery,2025-08-16,2026-07-11,,Visiting professor,4
596,Kathrine,Swedeland,2012-03-25,43825842312,Rogers,26 Barnett Lane,11000,Vathýlakkos,Međimurska,Tehnička škola Jupiter,7 Summit Parkway,3,I,Law,4,Trefor,Cristofol,2025-09-19,2025-11-04,,Docent,1
597,Ashlie,Marcinkowski,2012-08-20,38456716644,Krishna,1 Del Sol Way,44500,Pentéli,Brodsko-posavska,Tehnička škola Sunčev sustav,06 Elgar Crossing,2,B,Veterinary,4,Matty,Wilber,2026-06-17,2025-11-11,,Docent,4
598,Herold,Palfree,2012-09-08,73863316060,Arvie,870 Anhalt Circle,20000,Thiers,Vukovarsko-srijemska,Srednja škola Mjesec,3028 Golf Junction,3,A,Business,4,Cindie,Reddell,2026-07-30,2026-07-16,,Lecturer,3
599,Gina,Bedford,2010-07-15,56551513398,Damien,3 Welch Drive,88000,Skhodnya,Varaždinska,Gimnazija Cvijet,207 Delaware Circle,3,C,Sociology,3,Peyter,Thomassin,2026-04-24,2025-11-15,,Research professor,1
600,Jeniffer,Rutigliano,2010-06-11,26071787579,Garey,2 Old Gate Junction,77800,Dangbigih,Sisačko-moslavačka,Srednja škola Brdo,5933 Buhler Drive,1,C,Political Science,3,Antony,Everson,2025-11-05,2026-06-02,,Profesor emeritus,3
601,Tasia,Abernethy,2012-11-06,46836166358,Ezequiel,39851 Eliot Parkway,66700,Roche-à-Bateau,Dubrovačko-neretvanska,Gimnazija Cvijet,69278 Loftsgordon Pass,3,E,Architecture,2,Merell,Varley,2026-04-18,2025-12-11,,Predavac,5
602,Cassey,Mirfin,2009-05-13,27651682665,Salvador,085 Cordelia Court,66000,Paris 16,Šibensko-kninska,Tehnička škola Svemir,0 Warbler Circle,1,G,Political Science,1,Chariot,Cotgrave,2025-09-22,2026-03-12,,Research professor,2
603,Finn,Feldbrin,2012-01-11,96318044214,Binky,9131 Elka Crossing,54321,Esplanada,Krapinsko-zagorska,Osnovna škola Univerzum,0 Ridgeway Drive,2,E,Veterinary,1,Oriana,De Vere,2025-10-09,2026-06-18,,Associate professor,4
604,Hedy,Lorenzini,2008-01-26,59897442959,Arty,4093 Del Sol Place,77000,Sidi Moussa,Koprivničko-križevačka,Gimnazija Cvijet,5026 Sloan Plaza,2,A,Sociology,4,Brien,Kempe,2025-11-08,2025-10-12,,Assistant professor,2
605,Bee,Sankey,2011-05-25,23432182249,Ryon,802 Weeping Birch Parkway,54321,Santiago de Cuba,Bjelovarsko-bilogorska,Srednja škola Mjesečina,3451 Browning Trail,2,A,Political Science,3,Hillel,Arden,2025-11-28,2026-03-14,,Research professor,3
606,Emalia,Masterman,2010-09-03,93762672773,Charley,08 Butternut Parkway,88900,Tabuny,Pazinska,Gimnazija Cvijet,2619 Golf Road,2,B,Astronomy,2,Sasha,Creeber,2026-05-17,2026-04-23,,Research professor,2
607,Maxie,D'Avaux,2008-12-13,49717492191,Sayer,5 Golf View Court,22300,Avignon,Zagrebačka,Osnovna škola Saturn,89001 Forster Street,1,H,Biology,3,Lurlene,Stickney,2026-01-27,2025-08-31,,Predavac,4
608,Keefer,Guillot,2012-05-23,51722025455,Rory,5714 Toban Trail,44000,Virovitica,Lika-senjska,Srednja škola Otok,22 Thierer Circle,1,E,English,2,Justus,Scottesmoor,2026-06-01,2026-05-04,,Visiting professor,4
609,Cyndia,Brauner,2010-07-04,36148326241,Levin,6 Browning Avenue,44000,Zelmeņi,Međimurska,Srednja škola More,53629 Clyde Gallagher Place,3,F,Marketing,1,Jefferson,Borthe,2025-12-23,2026-07-15,,Assistant professor,4
610,Barry,Pipe,2012-12-08,68555237087,Yard,857 Anhalt Point,54321,Poyang,Zadarska,Umjetnička škola Sunce,30285 Trailsway Terrace,2,E,Sociology,3,Lorilyn,Mellody,2026-05-01,2026-04-22,,Profesor emeritus,2
611,Antonio,D'Orsay,2009-10-07,54466084167,Brockie,5125 Sunbrook Drive,44000,Tekikbanyuurip,Osječko-baranjska,Gimnazija Zvijezda,4756 Northfield Circle,4,C,Physical Education,2,Emilee,Cainey,2026-01-26,2026-07-23,,Assistant professor,1
612,Elroy,Jemmett,2012-05-24,38715430259,Erich,761 Jay Point,99000,La Salud,Zadarska,Srednja škola Mjesečina,374 Meadow Vale Center,4,J,Engineering,3,Otto,Antunes,2026-07-11,2026-03-16,,Lecturer,3
613,Etta,Albery,2012-05-19,79335176332,Urson,9744 Karstens Alley,20000,Gualeguay,Bjelovarsko-bilogorska,Tehnička škola Jupiter,73 Kim Junction,1,G,Physics,4,Jerri,Willatts,2025-08-09,2026-05-16,,Predavac,4
614,Emmet,Crunden,2011-03-15,21276728414,Michele,1 Mayer Park,33400,Katsina,Vukovarsko-srijemska,Osnovna škola Planeta X,35749 Express Crossing,1,H,Sociology,1,Emery,Cawdell,2026-02-19,2026-03-28,,Predavac,4
615,Branden,Arcase,2011-10-03,37047424330,Elvis,47784 Bunting Junction,66000,Roubaix,Šibensko-kninska,Osnovna škola Cvijet,52 Rowland Pass,3,B,Geography,2,Genovera,Briant,2026-04-23,2025-12-17,,Associate professor,5
616,Pearl,Clausen-Thue,2012-01-04,11281502452,Nester,3117 Westridge Court,33400,Zhenqian,Karlovačka,Srednja škola Proljeće,6 Messerschmidt Place,4,C,Mathematics,3,Brett,Rawsthorne,2025-10-20,2025-11-26,,Asistent,3
617,Chas,Crockford,2009-02-27,34999650488,Fabiano,4345 Summer Ridge Pass,11200,Oxapampa,Međimurska,Osnovna škola Cvijet,09 Nova Crossing,4,F,Psychology,4,Laurene,Franiak,2026-06-24,2026-03-08,,Asistent,1
618,Tamar,Brooksbie,2009-02-27,15516702903,Adrien,11 Laurel Pass,44500,Sudzha,Vukovarsko-srijemska,Srednja škola Otok,77100 Carpenter Circle,3,G,Philosophy,4,Daphne,Glentworth,2026-05-14,2026-06-18,,Research professor,2
619,Carling,Seres,2008-10-10,43429795174,Palm,28 Green Point,66700,Itsandra,Brodsko-posavska,Osnovna škola Saturn,988 Kings Crossing,1,H,Philosophy,4,Yancy,Hiddy,2026-07-06,2026-06-24,,Predavac,4
620,Elisha,Mountcastle,2010-02-14,33533148912,Orren,147 Clove Point,66700,Nyahururu,Istarska,Tehnička škola Oblak,70 Mayer Drive,1,A,Marketing,3,Blaine,Manson,2026-03-20,2025-11-30,,Docent,3
621,Rodrigo,Tarling,2011-06-03,14030842350,Llewellyn,255 Florence Point,20000,Beiyang,Varaždinska,Umjetnička škola Oblak,95 Bay Place,1,F,Chemistry,5,Lissa,Benzie,2026-03-31,2026-02-20,,Profesor emeritus,4
622,Merilyn,Maraga,2011-03-04,21368941704,Trumaine,9 Shoshone Street,88000,Nässjö,Bjelovarsko-bilogorska,Umjetnička škola Oblak,046 Acker Parkway,3,A,Chemistry,2,Hulda,Carling,2025-11-10,2025-08-25,,Adjunct professor,2
623,Stevana,Mahaddy,2010-08-13,63043936661,Wilfred,4192 Kingsford Terrace,66700,Cerro Blanco,Krapinsko-zagorska,Osnovna škola Saturn,9679 Thackeray Court,2,H,History,1,Abran,Patterson,2026-01-13,2026-03-11,,Associate professor,3
624,Julie,Raoult,2011-11-15,52075703691,Mikey,37450 Cherokee Road,22300,Hulu,Vukovarsko-srijemska,Osnovna škola Zvijezda,783 Bartelt Street,3,E,English,5,Shellysheldon,Cufley,2026-04-15,2026-03-09,,Assistant professor,4
625,Olin,Janos,2010-04-22,30482981077,Duffie,170 Pearson Plaza,55600,Igarapé Açu,Varaždinska,Srednja škola Supernova,452 Ohio Place,2,I,Engineering,3,Tad,McKee,2026-06-10,2025-12-13,,Asistent,1
626,Winfred,Caen,2008-11-22,34742639422,Noak,66737 Commercial Plaza,44000,Olejet,Zagrebačka,Tehnička škola Sunčev sustav,7510 Vernon Place,3,C,Chemistry,3,Mufinella,O'Docherty,2025-08-19,2026-07-27,,Visiting professor,4
627,Sybila,Rishbrook,2012-04-21,25733530021,Sherm,435 Kings Junction,55600,Sucha,Šibensko-kninska,Osnovna škola Cvijet,22 Huxley Terrace,3,J,Nursing,5,Elias,McFee,2026-05-20,2025-11-01,,Research professor,1
628,Patrick,MacConchie,2008-07-15,65592169373,Niccolo,930 Shasta Court,55600,Hong’an Chengguanzhen,Sisačko-moslavačka,Srednja škola Supernova,927 Monterey Terrace,4,F,Computer Science,4,Andrej,Newell,2025-08-09,2025-08-12,,Adjunct professor,4
629,Ruggiero,Van T'Hoog,2011-09-06,41178935627,Marion,9 Anthes Parkway,44000,Shemonaīkha,Vukovarsko-srijemska,Osnovna škola Trava,2806 Leroy Trail,3,B,English,2,Tomas,Goudge,2026-01-03,2026-07-18,,Visiting professor,2
630,Aubrette,Burgis,2008-07-25,57655293193,Pascale,65 Sunnyside Parkway,77800,Bharatpur,Varaždinska,Tehnička škola Sunčev sustav,276 Crownhardt Street,4,I,Chemistry,4,Rube,Suff,2026-03-28,2026-06-22,,Visiting professor,3
631,Danica,Raselles,2009-04-06,25915390490,Brannon,105 Bunker Hill Road,11200,Barra Velha,Sisačko-moslavačka,Srednja škola More,2920 Cascade Road,1,A,History,5,Eddie,Billborough,2026-02-03,2025-09-29,,Associate professor,2
632,Verla,Kinavan,2009-05-10,67627886132,Willey,73905 Spenser Court,99000,Tokār,Dubrovačko-neretvanska,Osnovna škola Snijeg,32 Darwin Street,1,C,Dentistry,3,Omar,Vigurs,2025-10-19,2025-09-01,,Asistent,4
633,Fidole,Wythe,2012-06-02,29947396776,Fielding,77840 Bobwhite Road,12345,Jilili,Istarska,Osnovna škola Snijeg,37062 Dawn Drive,1,F,Law,1,Patrice,Graeber,2025-11-10,2026-07-18,,Docent,1
634,Melany,Muggleston,2010-08-10,66307396207,Franzen,850 Dapin Avenue,77800,Wotsogo,Karlovačka,Osnovna škola Zvijezda,31889 Bluestem Circle,3,E,Accounting,3,Sarah,McAvin,2026-03-30,2025-12-04,,Visiting professor,3
635,Eolanda,Clinkard,2011-01-20,43815719228,Craig,56 Beilfuss Drive,77000,Hengxianhe,Vukovarsko-srijemska,Tehnička škola Val,8 Eastwood Avenue,3,G,Biology,4,Alejandrina,Lindeboom,2026-02-13,2025-11-13,,Associate professor,2
636,Ebonee,Cristofari,2009-08-13,77837562239,Emory,14479 Gulseth Parkway,55600,Landim,Brodsko-posavska,Osnovna škola Asteroid,3 Bowman Terrace,1,E,Geography,2,Isadora,MacDonnell,2025-12-06,2025-10-27,,Lecturer,2
637,Lance,Kerner,2011-03-16,10952087694,Klaus,5730 Fuller Street,35000,José Bonifácio,Sisačko-moslavačka,Umjetnička škola Mjesec,83 Beilfuss Point,3,J,Biology,2,Aloysia,Decent,2026-01-13,2026-06-06,,Lecturer,4
638,Niko,Dael,2009-09-07,37597511617,Joshia,0650 Marquette Terrace,11200,Hollola,Međimurska,Srednja škola Meteor,35657 Almo Trail,3,J,Nursing,5,Letitia,Luck,2025-09-26,2025-08-20,,Assistant professor,5
639,Dyane,Meysham,2010-02-23,44435667222,Jodie,62 Di Loreto Plaza,44500,Qabaqçöl,Lika-senjska,Osnovna škola Pustinja,84 Dorton Street,3,C,Physical Education,1,Nell,Mushawe,2026-06-07,2025-09-29,,Predavac,1
640,Dulcine,Burdis,2010-09-29,15542771407,Tobin,7 Di Loreto Plaza,99000,Taketoyo,Sisačko-moslavačka,Osnovna škola Asteroid,18491 Miller Hill,3,I,Architecture,1,Urbain,Dickson,2025-11-23,2025-08-19,,Predavac,4
641,Lindi,Lockless,2009-07-26,74996058502,Chauncey,932 Transport Avenue,88900,Erie,Istarska,Osnovna škola Rijeka,51345 Marcy Parkway,3,E,Music,2,Abdul,Sich,2025-11-26,2025-11-10,,Assistant professor,2
642,Scotti,Jefferies,2011-02-23,62614541985,Chandler,5 Prairie Rose Pass,66700,Lebedinovka,Sisačko-moslavačka,Tehnička škola Kiša,655 Melvin Terrace,4,C,Accounting,2,Lori,McLurg,2026-01-06,2025-10-17,,Assistant professor,5
643,Elvira,Lawry,2008-04-17,72474955435,Tuckie,63 Maryland Center,99000,Honghe,Dubrovačko-neretvanska,Osnovna škola Cvijet,95812 Burrows Pass,3,E,Environmental Science,4,Karl,Schoales,2025-09-08,2026-05-11,,Profesor emeritus,3
644,Deeanne,Deplacido,2009-10-15,82535495428,Broderick,73 Red Cloud Parkway,35000,Tubualá,Karlovačka,Osnovna škola Voda,8693 Eliot Plaza,2,I,Literature,4,Giraldo,O'Brollachain,2025-12-31,2025-08-21,,Lecturer,1
645,Sibby,Seawright,2010-10-13,83420927177,Brand,62 Grim Trail,99000,Pergamos,Varaždinska,Gimnazija Vjetar,860 Fremont Drive,4,D,Music,4,Thacher,Varvara,2025-12-15,2026-07-04,,Docent,2
646,Gauthier,Sawnwy,2012-11-20,87234310308,Boyce,9 Eagle Crest Park,35000,Xuefu,Dubrovačko-neretvanska,Osnovna škola Asteroid,679 Roth Park,4,F,Veterinary,3,Myrtle,Bermingham,2026-02-12,2026-05-05,,Assistant professor,5
647,Gustav,Benardet,2012-08-06,72239237250,Gail,32338 Ruskin Trail,88900,Maisí,Karlovačka,Tehnička škola Oblak,78 Dixon Alley,2,C,Marketing,5,Darell,Vasilchenko,2026-07-09,2025-08-18,,Adjunct professor,5
648,Marsha,Hessing,2010-10-21,90065747352,Aldous,2 Anthes Pass,20000,Phúc Thọ,Istarska,Osnovna škola Zvijezda,97695 Fieldstone Parkway,2,H,Physical Education,2,Nero,Cockayme,2026-02-10,2025-12-17,,Visiting professor,1
649,Any,Douberday,2008-10-13,38089462970,Octavius,518 Mallard Place,99000,Noginsk-9,Međimurska,Osnovna škola Zima,4 Cascade Plaza,1,C,Physics,2,Mart,Smallcombe,2025-08-29,2025-11-02,,Research professor,5
650,Julissa,MacRonald,2010-02-05,79369627717,Nil,58827 Eagan Drive,99000,Tambakrejo,Šibensko-kninska,Srednja škola Mjesečina,775 Randy Center,4,D,Veterinary,3,Ephrem,Keeves,2025-12-25,2026-05-21,,Predavac,3
651,Dolli,Sigars,2008-05-10,30736471454,Frants,9170 Bunting Terrace,99000,Granada,Varaždinska,Osnovna škola Trava,85713 Tennessee Plaza,3,J,Mathematics,1,Wilton,Weymouth,2026-02-03,2026-06-21,,Adjunct professor,4
652,Prissie,Lotwich,2012-10-27,80772694378,Tab,8 Acker Terrace,99000,Chengxiang,Osječko-baranjska,Gimnazija Jesen,1736 Sycamore Drive,2,I,Philosophy,3,Saw,Duffer,2025-09-28,2025-08-05,,Predavac,4
653,Dulce,Monelli,2008-11-11,55218317765,Max,4170 Sunfield Street,66700,Yên Lạc,Vukovarsko-srijemska,Gimnazija Jesen,6 Kedzie Place,3,H,Nursing,5,Egon,Spoole,2025-08-23,2026-04-09,,Asistent,4
654,Lily,Thursby,2010-08-27,56051934506,Toddy,0 Mandrake Terrace,66700,Selnica,Požeško-slavonska,Osnovna škola Planina,8 Gateway Parkway,3,F,Biology,4,Carolan,Mathivat,2025-08-06,2025-09-21,,Assistant professor,5
655,Sela,Gwillym,2011-01-05,40209384365,Archibold,2217 Dakota Court,44500,Tumxuk,Sisačko-moslavačka,Osnovna škola Voda,240 Leroy Plaza,1,J,Environmental Science,4,Flossy,Babon,2026-03-08,2026-01-23,,Assistant professor,5
656,Gayla,Hould,2010-05-17,63369693643,Jae,90 Waubesa Hill,44000,Bandarbeyla,Dubrovačko-neretvanska,Tehnička škola Jupiter,69674 Barnett Hill,3,C,Medicine,1,Stuart,Scotchmoor,2025-12-12,2026-05-06,,Docent,1
657,Allen,Tebbet,2010-12-24,72639461000,Den,9 Fremont Street,12345,Heredia,Splitsko-dalmatinska,Osnovna škola Sunce,802 Lake View Plaza,3,D,Geography,2,Daron,Siddens,2025-08-29,2026-06-07,,Predavac,1
658,Linnell,Kollasch,2010-05-23,84787507606,Hasheem,86950 Raven Crossing,55600,Kuroda,Virovitičko-podravska,Osnovna škola Planina,07716 Londonderry Road,4,B,Computer Science,2,Coretta,Guidini,2025-09-07,2025-10-14,,Docent,2
659,Loreen,Perulli,2009-03-25,13343521492,Johnathan,919 Clove Lane,12345,Vasil’yevskiy Mokh,Koprivničko-križevačka,Umjetnička škola Nebesko tijelo,7583 Nobel Way,1,E,Political Science,1,Gertie,Pond-Jones,2026-03-01,2025-12-16,,Asistent,3
660,Umeko,Latimer,2009-06-27,95579600484,Bear,7 Ridgeview Junction,88900,Wedoro,Virovitičko-podravska,Osnovna škola Trava,73934 Park Meadow Lane,1,A,Economics,3,Pen,Olcot,2026-07-01,2026-01-29,,Profesor emeritus,4
661,Demetrius,Delieu,2012-12-08,12765195774,Matthieu,32549 Starling Point,88900,Phú Vang,Šibensko-kninska,Osnovna škola Sunce,07 Ohio Pass,1,C,Veterinary,4,Elwood,Saffell,2025-09-02,2026-01-09,,Visiting professor,3
662,Nicolea,Morris,2012-07-23,53917382591,Nicol,706 Jay Place,77800,Viana,Koprivničko-križevačka,Osnovna škola Sunčeva svjetlost,9551 2nd Trail,1,A,Physical Education,5,Nye,Cattrell,2025-11-08,2025-12-17,,Predavac,4
663,Glennie,Brackley,2009-03-16,81525114582,Sergent,257 Cambridge Place,11200,Situbondo,Sisačko-moslavačka,Gimnazija Jesen,4396 Meadow Vale Hill,3,G,Veterinary,4,Broddie,Bartolijn,2025-09-10,2026-03-11,,Docent,2
664,Tye,Collings,2010-02-28,38000363398,Vladimir,17921 Sundown Trail,35000,Kuala Lumpur,Zagrebačka,Osnovna škola Trava,542 Canary Court,1,H,Philosophy,4,Antonina,Greenroyd,2025-10-25,2025-12-31,,Profesor emeritus,2
665,Bevvy,Cockroft,2008-07-01,31515329180,Erl,8 Hoard Place,11200,Tân Hòa,Šibensko-kninska,Osnovna škola Ptica,3702 Del Sol Street,2,C,Art,1,Garrick,Kedwell,2025-11-07,2026-03-19,,Asistent,2
666,Ariadne,Adamson,2011-10-01,43473915081,Jimmy,50 Veith Parkway,99000,Zaranj,Pazinska,Srednja škola Zemlja,67 Farragut Drive,3,J,Veterinary,3,Constance,Rumford,2025-10-04,2025-11-10,,Lecturer,2
667,Wainwright,Letchmore,2008-04-16,16613517318,Cosimo,0338 Truax Center,55000,Krzyżanów,Splitsko-dalmatinska,Osnovna škola Šuma,5985 Westport Way,1,I,Law,5,Jillane,Sivell,2025-09-16,2026-01-23,,Lecturer,4
668,Nikki,Louedey,2008-08-11,74763835117,Kimbell,05 Mifflin Street,44500,Musina,Pazinska,Umjetnička škola Nebesko tijelo,6755 High Crossing Terrace,1,A,Business,1,Keefe,Bridgement,2026-03-09,2025-12-30,,Docent,1
669,Fraze,Keppy,2012-11-12,77341964116,Antonius,61841 Glendale Way,99000,Chingas,Bjelovarsko-bilogorska,Osnovna škola Ptica,8248 Oakridge Center,3,F,Criminal Justice,4,Jen,McCathie,2026-03-25,2026-02-15,,Visiting professor,5
670,Timmie,Idale,2011-07-13,77531388528,Kerk,1 Schiller Road,11200,San Isidro,Brodsko-posavska,Umjetnička škola Mars,31655 Veith Road,2,H,Business,2,Hedda,Ashford,2025-10-18,2025-10-15,,Asistent,3
671,Rebecka,Sickert,2010-06-22,44424783577,Jedediah,32171 Mesta Trail,44000,Jisegumen,Požeško-slavonska,Srednja škola Otok,6151 Scoville Place,1,E,Anthropology,2,Ema,Brownjohn,2026-03-02,2025-11-05,,Assistant professor,2
672,Nikolaus,Managh,2009-12-28,43508754417,Norman,98 Dayton Trail,55600,Birštonas,Vukovarsko-srijemska,Srednja škola Mjesec,75935 Springview Lane,3,A,Geography,2,Ernestus,Tamburi,2026-02-05,2026-07-06,,Associate professor,4
673,Angelia,Kiggel,2008-01-28,17241088702,Vernen,9609 Hallows Court,11000,Viangxai,Vukovarsko-srijemska,Osnovna škola Pustinja,643 Lindbergh Street,1,G,Environmental Science,1,Sisely,Hammerson,2026-05-27,2026-06-06,,Visiting professor,5
674,Zak,Rhoades,2011-07-02,77383324918,Udale,67571 Sullivan Place,11200,Linda Vista,Koprivničko-križevačka,Umjetnička škola Oblak,62394 Meadow Ridge Terrace,1,E,Criminal Justice,1,Vittorio,Galliver,2025-08-16,2025-08-13,,Adjunct professor,5
675,Rosa,Simeoni,2012-01-07,25025540693,Allayne,4595 Hayes Junction,55000,Lebedyn,Primorsko-goranska,Srednja škola More,57751 Lien Parkway,2,J,Mathematics,3,Olimpia,Verry,2026-03-02,2025-10-30,,Predavac,3
676,Beatrice,Grigoire,2010-06-30,77450890060,Pauly,954 Dixon Center,99000,Curibaya,Dubrovačko-neretvanska,Gimnazija Zvijezda,90 Katie Road,2,B,Literature,2,Alta,Liddicoat,2026-02-12,2025-09-25,,Adjunct professor,3
677,Claudine,Ingliss,2008-12-04,30626152917,Ab,3684 Charing Cross Way,66700,Tantou,Bjelovarsko-bilogorska,Umjetnička škola Nebesko tijelo,9111 Lerdahl Drive,1,E,Sociology,3,Kerry,Carek,2025-12-11,2025-11-02,,Associate professor,2
678,Nowell,McDonnell,2010-08-25,93916441907,Ezequiel,86976 Hanover Circle,20000,Julcamarca,Požeško-slavonska,Umjetnička škola Mars,982 Evergreen Alley,3,I,Marketing,3,Marion,Beglin,2026-04-17,2025-09-07,,Associate professor,4
679,Emmeline,Bugby,2009-01-10,73091431864,Niles,1 Butternut Junction,44000,Bergamo,Požeško-slavonska,Osnovna škola Sunčeva svjetlost,59 Fordem Drive,3,D,Biology,3,Fitz,Matzeitis,2026-06-24,2026-01-11,,Predavac,2
680,Lorens,Toffanini,2008-08-20,98062787664,Dougie,304 Stang Circle,33400,Boneng,Primorsko-goranska,Osnovna škola Rijeka,3090 Shopko Drive,1,G,Dentistry,5,Iosep,Kears,2025-11-20,2026-03-06,,Asistent,3
681,Nikkie,MacCracken,2012-08-13,44402734215,Trevar,0 Vermont Point,66700,Floriana,Zadarska,Gimnazija Komet,706 Thierer Terrace,4,J,Political Science,5,Elie,Strattan,2025-12-31,2026-04-15,,Research professor,2
682,Marcellina,Tompion,2008-06-30,97573792903,Broderic,8 Melrose Way,11000,Táriba,Splitsko-dalmatinska,Gimnazija Vjetar,36 Mcbride Way,2,F,Music,2,Rivalee,Goaley,2026-04-07,2026-04-27,,Visiting professor,2
683,Elbert,Klemencic,2012-07-23,70628532840,Guglielmo,1184 Mesta Drive,20000,Zengjia,Požeško-slavonska,Osnovna škola Asteroid,01044 Messerschmidt Parkway,2,F,Geography,2,Neel,Robiot,2026-07-24,2025-12-22,,Research professor,1
684,Dalston,Yearron,2011-02-18,11196931914,Evered,475 Summit Pass,11000,Bisée,Sisačko-moslavačka,Tehnička škola Val,76 Nobel Parkway,2,J,Mathematics,4,Riane,Cannam,2026-02-27,2026-03-21,,Visiting professor,3
685,Sharity,Frankowski,2009-06-30,55024165640,Allayne,9201 Dayton Drive,44500,Shuanghe,Požeško-slavonska,Osnovna škola Univerzum,2 Steensland Trail,4,F,Chemistry,1,Cortie,Franca,2026-02-14,2025-09-03,,Docent,1
686,Giovanni,Donnellan,2011-03-06,84709263583,Artemis,527 Clove Point,54321,Jincheng,Koprivničko-križevačka,Tehnička škola Oblak,7 Prairie Rose Point,4,H,English,2,Hugues,Tinn,2026-01-08,2026-02-11,,Predavac,2
687,Inger,Burtt,2009-01-03,66492402004,Osbourne,285 Pepper Wood Terrace,55600,Jaboatão dos Guararapes,Pazinska,Srednja škola Planeta,284 Warner Junction,2,B,Marketing,3,Dorice,Phillps,2025-12-02,2025-08-11,,Visiting professor,3
688,Kyrstin,Matthewson,2012-10-15,59856751611,Horatio,732 Pawling Pass,54321,Shimodate,Međimurska,Osnovna škola Zima,8 David Lane,3,H,Computer Science,5,Corrine,Checo,2025-08-17,2026-06-29,,Asistent,3
689,Gail,Seiler,2011-05-28,30923310892,Brit,28 Westridge Avenue,77800,Karlskrona,Zadarska,Gimnazija Drvo,328 Mallory Park,3,G,English,1,Stacee,Ullock,2025-10-24,2025-09-06,,Profesor emeritus,5
690,Torey,De Ruggero,2011-02-05,12750703265,Morrie,4705 Gina Terrace,12345,Magsaysay,Dubrovačko-neretvanska,Osnovna škola Zvijezda,9410 Meadow Ridge Crossing,3,C,Dentistry,5,Adeline,Edgerley,2026-07-19,2025-08-22,,Research professor,4
691,Odelia,Lingard,2011-04-14,80196728754,Muffin,42020 Corry Avenue,66700,Ol’ginka,Krapinsko-zagorska,Srednja škola Ljeto,278 Park Meadow Place,1,A,Medicine,4,Kevon,Merricks,2026-04-16,2026-02-13,,Predavac,1
692,Yalonda,Kabisch,2011-09-26,13020119545,Nickolas,55669 Mitchell Place,33400,Wringinsari,Međimurska,Osnovna škola Planeta X,253 Gateway Way,4,J,Physical Education,5,Kerry,Lukins,2026-02-10,2025-11-23,,Visiting professor,4
693,Alecia,Gossop,2010-01-30,44220997088,Avram,7 Loftsgordon Plaza,66700,Liangwangzhuang,Vukovarsko-srijemska,Srednja škola Mjesec,98 Golden Leaf Avenue,4,F,Business,5,Natalie,Haccleton,2026-07-23,2026-07-10,,Visiting professor,4
694,Tami,Vannini,2011-11-19,21612647761,Bentlee,660 Tennessee Place,77800,Santo Antônio do Içá,Istarska,Osnovna škola Sunčeva svjetlost,98 Badeau Court,4,F,Mathematics,1,Nadia,Gorhardt,2025-11-26,2026-01-13,,Visiting professor,5
695,Sim,Foyster,2008-06-30,43405438598,Granger,0 Novick Court,77000,Huntington,Zadarska,Umjetnička škola Sunce,70761 Dapin Hill,4,I,Chemistry,4,Austen,Cuerda,2025-11-06,2026-01-15,,Associate professor,4
696,Cara,Ruggles,2010-04-13,99234073634,Ham,75 Lakewood Road,66700,Kilkís,Virovitičko-podravska,Srednja škola Planeta,53889 Eagan Pass,3,I,Computer Science,4,Micheil,Brookbank,2026-04-02,2026-03-20,,Adjunct professor,2
697,Darsie,Josovich,2012-03-24,65974466696,Wynn,2514 Oak Valley Way,35000,Janja,Sisačko-moslavačka,Osnovna škola Sunce,273 Walton Circle,4,A,Art,3,Denver,Gaven,2026-07-06,2026-07-02,,Associate professor,3
698,Joseito,Karim,2012-11-27,33225065228,Hoebart,477 Portage Junction,77800,Odivelas,Požeško-slavonska,Osnovna škola Sunce,64 International Center,2,H,Literature,3,Eugenius,Descroix,2025-10-16,2025-10-24,,Predavac,5
699,Jacklyn,Ripper,2011-03-20,16858545849,Gordie,68 Clemons Plaza,33400,Trångsund,Splitsko-dalmatinska,Srednja škola Zemlja,5 Sugar Terrace,3,H,Political Science,5,Cody,Newitt,2026-04-23,2026-03-23,,Lecturer,2
700,Theodor,Durbin,2009-08-08,95865657020,Romain,1 Hoffman Center,11200,Boden,Splitsko-dalmatinska,Umjetnička škola Mars,7 Clyde Gallagher Terrace,3,F,Anthropology,5,Sherwin,Duncanson,2026-03-05,2026-07-30,,Research professor,5
701,Valentia,Smickle,2010-09-08,16718855883,Floyd,7 Green Center,12345,Três Corações,Virovitičko-podravska,Umjetnička škola Oblak,63788 Warner Center,4,E,Business,4,Karoly,Biddy,2026-01-07,2025-11-15,,Associate professor,1
702,Blondell,Shimmans,2009-10-05,36194029059,Peadar,68308 Ronald Regan Crossing,99000,Charras,Zadarska,Gimnazija Zvijezda,02 Ridgeview Terrace,4,A,Nursing,5,Lek,Osgardby,2026-04-07,2026-04-03,,Profesor emeritus,1
703,Montague,Britto,2009-05-03,80114447863,Quillan,012 Northfield Crossing,44500,Dukhovshchina,Međimurska,Srednja škola Otok,318 Scofield Plaza,2,C,Physical Education,2,Cosme,Thew,2025-08-22,2025-11-14,,Visiting professor,4
704,Vinni,Motherwell,2010-08-31,86683974436,Bo,75 Oak Crossing,99000,Ambato,Koprivničko-križevačka,Osnovna škola Zvijezda,96385 Pankratz Drive,3,D,Environmental Science,1,Fawne,Scruby,2026-02-08,2025-10-10,,Visiting professor,5
705,Lin,Yakobovicz,2008-07-02,62413200183,Herschel,62 Arkansas Pass,77800,Saint Catherine,Vukovarsko-srijemska,Osnovna škola Sunčeva svjetlost,825 Canary Hill,3,F,Criminal Justice,3,Buck,Beretta,2026-05-30,2026-05-03,,Research professor,5
706,Dorothea,Hewkin,2010-01-29,35874338183,Fran,58472 Corscot Court,66700,Makamba,Šibensko-kninska,Gimnazija Drvo,17300 Walton Park,2,J,Engineering,5,Bertrand,Noddle,2026-04-15,2026-06-18,,Research professor,1
707,Wallie,Fishley,2008-06-22,54316832773,Keefer,18 Brown Road,33400,Balugo,Krapinsko-zagorska,Osnovna škola Planina,80 7th Drive,1,I,Physical Education,1,Holly-anne,Sine,2026-04-17,2025-09-23,,Predavac,4
708,Lucine,Signe,2012-04-13,63348213040,Donaugh,667 Cody Street,88900,Olesno,Splitsko-dalmatinska,Osnovna škola Saturn,0 Magdeline Terrace,2,F,Chemistry,2,Ivor,Tytherton,2025-12-08,2026-02-08,,Visiting professor,5
709,Philbert,Cristofolini,2011-09-05,57952097285,Bendix,21 Banding Drive,20000,Huaihe,Vukovarsko-srijemska,Gimnazija Komet,55274 Main Plaza,3,I,Economics,1,Suzann,Dellenbrook,2026-03-30,2025-09-09,,Adjunct professor,2
710,Reggy,Breckenridge,2008-12-04,16204919573,Cammy,5 Oxford Court,22300,Hepang,Šibensko-kninska,Srednja škola Galaksija,57969 Westerfield Street,1,I,Nursing,2,Beale,Moffat,2025-11-18,2026-06-28,,Assistant professor,5
711,Major,Babin,2008-01-21,17140370344,Abelard,86085 Hoepker Hill,88000,Rivera,Primorsko-goranska,Umjetnička škola Oblak,83298 Ronald Regan Lane,4,J,Astronomy,5,Charin,Halburton,2025-08-26,2025-10-12,,Lecturer,3
712,Forbes,Schwandt,2009-12-20,63434316094,Morrie,92093 Canary Parkway,77800,Ginebra,Pazinska,Umjetnička škola Oblak,25166 Homewood Crossing,3,C,Sociology,5,Darci,Kidwell,2026-03-24,2026-05-01,,Visiting professor,1
713,Ignatius,Godfery,2012-08-03,59615703218,Nathanial,9670 Little Fleur Court,66000,Bělá pod Bezdězem,Požeško-slavonska,Tehnička škola Val,84 Schiller Trail,4,I,Veterinary,5,Claudelle,Needham,2025-11-11,2025-12-19,,Docent,3
714,Aldric,Satterlee,2008-10-25,55445573385,Kurt,7 Westerfield Drive,44000,Kainantu,Brodsko-posavska,Srednja škola Ljeto,61 Glendale Junction,4,E,Business,3,Jorry,Peet,2025-12-04,2025-11-01,,Lecturer,1
715,Jammal,Medhurst,2010-05-01,95891120850,Gail,2761 Caliangt Crossing,44500,Shimotoda,Varaždinska,Osnovna škola Asteroid,4520 Hooker Hill,2,E,Psychology,4,Heath,Dyett,2025-08-04,2025-09-06,,Asistent,2
716,Prissie,Inglesant,2011-06-29,51887954257,Reginald,5 Monterey Road,88000,Dawe,Virovitičko-podravska,Osnovna škola Sunčeva svjetlost,4457 La Follette Street,3,H,Literature,5,Sheila-kathryn,Bawme,2026-03-21,2026-04-17,,Adjunct professor,2
717,Filmore,Blindmann,2008-06-07,97656968664,Sloane,2194 Stone Corner Pass,88000,Viana,Primorsko-goranska,Tehnička škola Jupiter,092 Shelley Center,4,B,Law,5,Tully,Sawnwy,2025-08-13,2026-03-05,,Assistant professor,2
718,Wilburt,Spiteri,2012-07-28,21788273666,Loydie,4 Twin Pines Terrace,99000,Barreiras,Vukovarsko-srijemska,Srednja škola Ljeto,1 Mayfield Alley,3,D,Architecture,3,Frankie,Ungerer,2026-04-05,2025-09-17,,Predavac,4
719,Demetre,Gregolin,2010-11-15,71034511862,Kingston,7 Lukken Court,77000,Xinglong,Karlovačka,Umjetnička škola Oblak,65193 Hovde Trail,2,H,Marketing,2,Gae,Keemar,2025-11-17,2026-03-06,,Asistent,1
720,Dorena,Garz,2011-05-26,95884772299,Caddric,79 Hayes Lane,55600,Solkan,Splitsko-dalmatinska,Umjetnička škola Sunce,830 Arapahoe Terrace,2,E,Medicine,3,Haily,Juanico,2025-08-27,2025-11-04,,Associate professor,3
721,Sofia,Patshull,2008-04-28,71436890420,Sterling,33 Reinke Place,88900,Refojos,Splitsko-dalmatinska,Tehnička škola Sunčev sustav,15 Carberry Street,2,E,Political Science,1,Foss,Baskwell,2026-06-19,2026-01-17,,Visiting professor,4
722,Bryana,Coda,2011-11-14,74009732178,Packston,3 Glendale Plaza,77000,Lillehammer,Brodsko-posavska,Tehnička škola Jupiter,08963 Bonner Junction,2,B,Physical Education,5,Sigismundo,Acaster,2025-11-21,2026-07-19,,Research professor,2
723,Sharai,Artrick,2011-08-29,95214691742,Alvie,1034 Golf Course Junction,11000,Xuezhen,Vukovarsko-srijemska,Tehnička škola Svemir,56310 Burning Wood Terrace,4,B,Psychology,1,Lucille,Blazevic,2026-01-22,2025-09-24,,Visiting professor,4
724,Faydra,Bush,2012-11-25,32558733194,Clement,9 Hazelcrest Way,55000,Omīdcheh,Vukovarsko-srijemska,Umjetnička škola Oblak,538 Tony Park,1,G,History,3,Ardelia,Fidian,2026-07-04,2026-04-13,,Research professor,3
725,Pearle,Dunbleton,2011-09-01,99549961657,Tan,532 Corry Parkway,33400,Lubenia,Zadarska,Umjetnička škola Mjesec,816 Grover Circle,4,H,Anthropology,5,Seymour,Kempster,2025-08-07,2026-06-15,,Assistant professor,1
726,Julita,Hadlee,2009-06-30,30369324364,Casar,60691 Messerschmidt Court,33400,Putrajaya,Virovitičko-podravska,Tehnička škola Jupiter,23 Fuller Alley,2,F,Philosophy,1,Bayard,Faunch,2026-05-07,2025-08-10,,Research professor,1
727,Jackqueline,Robilart,2010-10-31,86730787859,Christian,2914 Dorton Park,55000,Mudian,Varaždinska,Umjetnička škola Mars,0627 Charing Cross Terrace,4,H,History,2,Yovonnda,Bedlington,2025-12-20,2025-12-24,,Asistent,1
728,Andrew,Chewter,2008-05-27,23892268184,Britt,56340 Mandrake Circle,66000,Rostokino,Karlovačka,Srednja škola Zemlja,0 Anderson Trail,2,C,Dentistry,5,Duffie,Jeste,2026-06-05,2025-11-20,,Adjunct professor,3
729,Codie,Blackler,2010-09-16,85437878894,Abbot,1808 Elka Way,11000,Pilar do Sul,Šibensko-kninska,Osnovna škola Voda,17862 West Point,2,C,Anthropology,1,Wini,Snashall,2025-11-22,2026-02-11,,Adjunct professor,1
730,Eldin,Farland,2012-10-28,20696114308,Stevie,65363 Badeau Pass,99000,Mizunami,Brodsko-posavska,Gimnazija Jesen,880 Rockefeller Point,1,B,Architecture,5,Micky,Openshaw,2026-03-16,2026-06-02,,Assistant professor,3
731,Binny,Robertot,2010-03-12,92534113126,Herc,02811 Scott Center,33400,Itaí,Vukovarsko-srijemska,Srednja škola Planeta,29 Elka Plaza,3,D,History,4,Arabel,Camden,2026-05-25,2026-01-09,,Visiting professor,3
732,Nada,Thurlbeck,2008-03-19,50489145427,Selby,15 Towne Circle,54321,Frederico Westphalen,Varaždinska,Osnovna škola Trava,24 Dawn Drive,3,B,Criminal Justice,1,Sherline,Joderli,2025-10-25,2026-06-10,,Associate professor,5
733,Shara,Mathewes,2012-12-17,30304713215,Baily,88 Forster Way,33400,Berber,Dubrovačko-neretvanska,Osnovna škola Trava,58678 Anniversary Alley,1,I,Chemistry,1,Flinn,Calveley,2025-10-08,2026-07-27,,Associate professor,1
734,Philippe,Djordjevic,2011-09-25,92290840254,Rog,9452 Crescent Oaks Avenue,66700,Čáslav,Primorsko-goranska,Tehnička škola Kiša,70608 Moulton Crossing,1,E,Engineering,4,Phillipp,Pepineaux,2026-03-03,2025-12-25,,Lecturer,2
735,Wendel,Ianni,2008-06-14,95955457735,Berky,99926 Manufacturers Road,66700,Orsk,Primorsko-goranska,Umjetnička škola Nebesko tijelo,95116 Scofield Lane,3,D,Computer Science,1,Carolin,Brounsell,2026-02-17,2025-08-12,,Asistent,3
736,Jermain,McPike,2010-05-03,82789180139,Clerkclaude,4 Welch Drive,11200,Buenavista,Splitsko-dalmatinska,Srednja škola Mjesec,7 Vidon Circle,1,B,Engineering,5,Ashil,Standfield,2026-02-19,2026-02-03,,Associate professor,2
737,Jillane,Tupper,2010-02-27,79782820528,Bruce,636 Mayer Trail,22300,Nong Muang Khai,Splitsko-dalmatinska,Gimnazija Komet,23 Northport Plaza,1,E,Medicine,5,Hanan,Sneaker,2026-07-07,2025-09-26,,Asistent,4
738,Hyacinthia,De Robertis,2012-10-13,82732869674,Alisander,96 Russell Plaza,77000,Lama,Virovitičko-podravska,Osnovna škola Šuma,9051 Park Meadow Road,1,A,Psychology,2,Barry,Kingett,2026-02-14,2026-04-15,,Visiting professor,1
739,Burtie,Orbon,2011-07-11,94226416342,Tobias,94004 North Place,22300,Pa Phayom,Varaždinska,Srednja škola Supernova,3809 Gina Hill,3,E,Sociology,4,Fremont,Grattage,2025-09-23,2026-03-24,,Assistant professor,2
740,Maddie,Di Claudio,2011-08-23,18891881258,Alwin,816 Sachs Alley,88000,Thị Trấn Quan Hóa,Krapinsko-zagorska,Tehnička škola Sunčev sustav,6028 Stone Corner Parkway,1,E,Dentistry,3,Lothario,Jerrans,2025-08-08,2025-12-27,,Asistent,1
741,Gaylord,Danzig,2010-11-30,99324864315,Giacomo,13727 West Crossing,11200,Václavovice,Sisačko-moslavačka,Tehnička škola Val,09 Rowland Plaza,4,I,Art,1,Phyllida,Laybourn,2025-11-25,2026-03-03,,Asistent,5
742,Harrie,Slimme,2008-03-24,64060520574,Udale,0437 Eggendart Avenue,35000,Duobao,Međimurska,Osnovna škola Sunčeva svjetlost,04253 Fair Oaks Pass,1,A,Chemistry,1,Trace,Illidge,2026-05-14,2025-07-31,,Associate professor,5
743,Jerrylee,Alexandrescu,2012-12-04,34578217091,Rufe,01442 Towne Plaza,20000,Lipu,Splitsko-dalmatinska,Umjetnička škola Oblak,8764 Burrows Drive,1,H,Medicine,3,Delcine,Metcalfe,2025-10-01,2026-01-16,,Research professor,3
744,Suzie,Ingilson,2012-12-24,67230391193,Nap,5 4th Point,44000,La Unión,Dubrovačko-neretvanska,Tehnička škola Val,0554 Fulton Place,4,B,Psychology,1,Killie,Menelaws,2025-10-18,2025-12-31,,Lecturer,1
745,Margalo,O'Donnelly,2009-05-21,33481283150,Vlad,396 Havey Crossing,66700,Chemodanovka,Brodsko-posavska,Tehnička škola Oblak,891 Kensington Trail,2,E,Chemistry,3,Nollie,Baldoni,2026-06-19,2026-03-13,,Adjunct professor,1
746,Tracey,Paulsen,2008-04-10,93626647659,Nicol,97896 Anhalt Lane,35000,Pangian,Primorsko-goranska,Srednja škola Meteor,12 Crowley Way,3,F,Criminal Justice,5,Francois,Acton,2025-08-07,2025-12-02,,Adjunct professor,5
747,Rosemary,Dominici,2010-06-16,54348125817,Jozef,5631 Knutson Street,11200,Khāliş,Lika-senjska,Srednja škola Zemlja,3208 Chive Drive,1,F,Art,1,Melva,Idill,2026-02-19,2025-08-13,,Adjunct professor,5
748,Lindon,China,2012-06-10,85504026755,Farly,16921 Anhalt Parkway,54321,Parakanbeusi,Virovitičko-podravska,Osnovna škola Sunčeva svjetlost,3638 Moulton Center,1,J,Criminal Justice,4,Allard,Launder,2026-02-06,2026-04-11,,Research professor,5
749,Dael,Knaggs,2011-09-08,64148710072,Billy,2 Reinke Circle,55000,Ibirataia,Vukovarsko-srijemska,Osnovna škola Asteroid,59 Sunbrook Circle,2,B,Psychology,4,Ebonee,Shakspeare,2026-06-29,2026-03-25,,Assistant professor,1
750,Dee dee,Espinal,2012-05-24,22926081285,Mandel,77146 Monterey Pass,11200,Wangshi,Zadarska,Osnovna škola Rijeka,5 Debs Circle,2,D,Art,4,Rorie,Beggio,2026-05-03,2025-12-16,,Associate professor,3
751,Lee,Platts,2012-08-10,48938994342,Mac,235 Mallory Road,54321,Diapaga,Dubrovačko-neretvanska,Srednja škola Supernova,79 Spohn Circle,4,E,Engineering,4,Liza,McKellen,2026-03-14,2025-08-01,,Predavac,2
752,Camila,Everil,2009-07-17,83225944484,Gay,290 Cottonwood Crossing,55000,Zouma,Istarska,Srednja škola Supernova,9434 Northwestern Pass,3,E,Computer Science,2,El,Vlach,2026-06-02,2025-08-03,,Visiting professor,5
753,Erin,Klemps,2010-08-03,71636900662,Brandy,65095 Forest Trail,22300,Norsborg,Varaždinska,Osnovna škola Trava,79751 Brown Alley,1,C,History,1,Modestia,Stearndale,2026-07-18,2026-06-16,,Docent,2
754,Dela,Entwhistle,2012-08-12,66331365953,Elliott,715 Sage Park,88000,Paranapanema,Vukovarsko-srijemska,Tehnička škola Kiša,35731 Northridge Road,1,H,Environmental Science,5,Goldina,Kearns,2025-11-20,2026-05-28,,Lecturer,5
755,Bentlee,Philipsson,2009-04-14,27710322124,Lamond,42309 7th Point,22300,Luleå,Brodsko-posavska,Umjetnička škola Nebesko tijelo,00610 Calypso Hill,3,E,Law,1,Bent,Arnhold,2026-07-29,2025-09-27,,Visiting professor,2
756,Vera,Ashdown,2009-01-05,30278662670,Kennie,24 Butternut Park,77000,Kuybyshevskiy Zaton,Požeško-slavonska,Gimnazija Jesen,632 Knutson Road,3,J,Mathematics,1,Royal,Jeyness,2025-12-04,2026-01-10,,Research professor,3
757,Auberon,Padgett,2008-12-29,67849624260,Quent,57622 Tennyson Court,44500,Bireun,Zadarska,Srednja škola Supernova,3 Sommers Alley,1,J,Criminal Justice,5,Marika,Szymanowicz,2026-05-23,2025-08-08,,Assistant professor,5
758,Pattin,Sikora,2008-11-18,13691506258,Artie,33947 Luster Street,77000,Cherga,Osječko-baranjska,Osnovna škola Sunčeva svjetlost,9246 East Terrace,1,H,Nursing,4,Shurlock,Brittlebank,2025-12-29,2025-09-05,,Assistant professor,5
759,Guinevere,Crowd,2009-05-24,63952673058,Noah,70101 Elmside Lane,54321,Višňové,Požeško-slavonska,Gimnazija Drvo,45235 Carioca Court,4,B,Dentistry,1,Chico,Abberley,2025-08-23,2026-06-04,,Visiting professor,5
760,Cordelia,Dinnage,2012-10-04,99995685030,Mano,5 Blaine Court,54321,Pondokunyur,Dubrovačko-neretvanska,Osnovna škola Asteroid,2360 Maywood Center,2,J,Law,1,Sianna,Pratty,2025-09-03,2025-11-29,,Docent,5
761,Janenna,Giamitti,2010-11-14,56824564945,Felizio,29890 Golf Center,77800,Santarém,Bjelovarsko-bilogorska,Gimnazija Vjetar,4236 Butternut Avenue,1,I,Mathematics,2,Celestyn,Still,2026-04-15,2025-11-28,,Lecturer,2
762,Nertie,Tookill,2010-06-04,90814148758,Augustin,578 Scott Center,55000,Lagos,Sisačko-moslavačka,Umjetnička škola Nebesko tijelo,616 Heath Court,2,H,Astronomy,2,Dulcie,Thomassen,2026-02-16,2025-08-06,,Predavac,2
763,Blanch,Rainsden,2010-06-13,42918188161,Cheston,126 Sutteridge Parkway,11000,Muraharjo,Koprivničko-križevačka,Srednja škola Otok,1574 Lerdahl Terrace,4,A,Anthropology,5,Margarete,Giraudat,2025-09-06,2026-03-15,,Lecturer,4
764,Lorrie,Readshall,2012-09-09,20939788554,Hirsch,2978 Mcbride Point,35000,Motala,Dubrovačko-neretvanska,Srednja škola Mjesečina,20 Lerdahl Way,2,J,Veterinary,2,Nicolea,Heaker,2026-07-17,2025-08-08,,Lecturer,4
765,Valentine,Tranmer,2009-11-19,72242818530,Alphard,7583 Loomis Alley,11200,Cala,Brodsko-posavska,Osnovna škola Šuma,6765 Declaration Circle,2,I,Computer Science,4,Reinald,Drissell,2025-07-31,2025-09-25,,Docent,2
766,Violette,Blenkharn,2009-09-20,81378452342,Ram,13 Delaware Alley,44500,Dahuang,Osječko-baranjska,Osnovna škola Asteroid,99245 Milwaukee Pass,3,F,Nursing,1,Winne,Saddleton,2025-08-10,2026-05-29,,Profesor emeritus,1
767,Killie,Tickle,2009-10-03,70010833640,Booth,1 Lakewood Gardens Center,77000,Helmsange,Šibensko-kninska,Osnovna škola Trava,96796 Debs Parkway,1,B,Anthropology,3,Millicent,Messam,2025-09-14,2025-10-22,,Visiting professor,3
768,Sutherlan,Neilands,2010-05-25,87374731187,Freeman,9961 Hansons Hill,44000,Rongelap,Vukovarsko-srijemska,Gimnazija Komet,5 Redwing Drive,2,J,Nursing,3,Dusty,Petrasch,2025-11-14,2026-04-14,,Docent,1
769,Garreth,Linskill,2008-04-08,56144305634,Hadlee,2 Riverside Court,11000,Cheqiao,Zagrebačka,Osnovna škola Planina,4122 Prentice Court,4,B,Computer Science,1,George,Pfeffle,2026-06-13,2025-08-10,,Lecturer,3
770,Rex,Maddin,2012-02-06,53645727670,Onfre,015 Warbler Pass,88900,Kamnica,Brodsko-posavska,Osnovna škola Pustinja,83 New Castle Lane,3,A,Sociology,4,Hailey,Eadon,2026-05-01,2025-08-10,,Lecturer,1
771,Emmie,Liddon,2011-08-21,97126433386,Roddie,52948 Hoepker Street,55000,Baoping,Vukovarsko-srijemska,Osnovna škola Voda,53 Bunting Center,1,B,Medicine,3,Sherline,Oxbe,2025-12-15,2026-01-18,,Research professor,4
772,Helli,Drewes,2008-05-28,36297962185,Abran,62697 Pleasure Point,20000,Sukadami,Šibensko-kninska,Srednja škola Proljeće,9 Browning Center,1,I,Dentistry,3,Shurlock,Linguard,2025-11-25,2025-08-29,,Asistent,1
773,Oralle,Toke,2012-08-06,63044639806,Winston,706 Forster Drive,99000,La Banda,Koprivničko-križevačka,Osnovna škola Zvijezda,35 Leroy Plaza,3,H,Criminal Justice,2,Jacklyn,Raft,2026-01-14,2026-06-05,,Asistent,4
774,Aurlie,Izzett,2010-10-18,57519661478,Ferdinand,56 Eastlawn Circle,88900,Panjakent,Pazinska,Tehnička škola Svemir,65364 Victoria Hill,4,F,Engineering,5,Jonathan,Rebillard,2026-07-01,2026-07-19,,Associate professor,2
775,Afton,Learoid,2009-12-14,72120562914,Godwin,017 Victoria Circle,33400,Selorejo,Splitsko-dalmatinska,Umjetnička škola Oblak,2 Mariners Cove Pass,4,C,Economics,3,Jeanne,Tranckle,2026-07-08,2025-10-22,,Assistant professor,3
776,Ernestine,Guise,2012-10-21,57469546884,Jean,20542 Mcguire Way,12345,Leeuwarden,Varaždinska,Osnovna škola Voda,655 Mayfield Avenue,3,H,Geography,5,Eduino,Aucock,2026-02-07,2026-04-30,,Adjunct professor,5
777,Fidelity,Sterricks,2008-01-24,81912998053,Morgun,14 Mesta Point,88000,Nymburk,Krapinsko-zagorska,Osnovna škola Snijeg,57841 West Avenue,4,G,Business,1,Lucila,Gossipin,2026-03-12,2025-11-28,,Assistant professor,2
778,Tamera,Elfes,2011-08-18,22143791140,Isador,81 Knutson Alley,11000,Dachnoye,Karlovačka,Gimnazija Zvijezda,4 Nancy Way,2,J,Sociology,4,Boote,Whitehouse,2026-03-05,2026-07-01,,Adjunct professor,4
779,Aurore,Maty,2010-03-01,94510845997,Arty,9733 East Terrace,54321,Krasnoye,Splitsko-dalmatinska,Osnovna škola Ptica,03466 Marcy Trail,2,A,Physics,3,Sib,Hardware,2026-02-17,2026-06-22,,Visiting professor,4
780,Genvieve,Lathey,2008-01-01,83185620220,Lane,184 Kim Point,99000,Palaiópyrgos,Istarska,Umjetnička škola Nebesko tijelo,5056 Sunbrook Parkway,3,F,Dentistry,1,Fairlie,McAughtrie,2025-08-31,2026-01-02,,Lecturer,5
781,Melicent,Shugg,2012-08-10,14125321874,Zedekiah,90 Randy Center,44000,Saint Lucia,Varaždinska,Osnovna škola Snijeg,236 Eastwood Plaza,1,H,Veterinary,3,Justin,Saltrese,2026-07-19,2025-08-24,,Lecturer,3
782,Lenna,Dalbey,2011-07-23,11634752337,Jereme,25 Sundown Pass,12345,Tiannan,Zagrebačka,Tehnička škola Val,86298 Red Cloud Terrace,2,I,Environmental Science,4,Tobye,Coveny,2026-07-29,2026-02-20,,Visiting professor,2
783,Jarred,Lagneaux,2008-11-12,81405470248,Holt,9240 Golden Leaf Avenue,77000,Praszka,Lika-senjska,Srednja škola Mjesečina,1522 Tomscot Lane,3,D,Philosophy,2,Barth,Kunneke,2026-04-07,2026-05-06,,Adjunct professor,4
784,Kliment,Devil,2010-08-20,54883259361,Jose,133 Marcy Lane,22300,Kutno,Splitsko-dalmatinska,Umjetnička škola Nebesko tijelo,09300 Mendota Place,1,D,Anthropology,3,Jessamyn,Evens,2025-09-10,2026-02-03,,Research professor,4
785,Mart,Goodbody,2010-11-24,85133205502,Port,1870 Sutherland Center,33400,Damu,Požeško-slavonska,Osnovna škola Snijeg,40063 Pond Crossing,2,F,Physics,1,Kala,Raistrick,2025-10-21,2026-03-31,,Associate professor,4
786,Kimberly,MacDuff,2009-02-09,22921474899,Zebedee,66 Lunder Court,55600,Suwaru,Požeško-slavonska,Srednja škola More,6355 Columbus Park,1,B,Geography,1,Bernarr,Kilius,2026-05-21,2026-02-10,,Asistent,5
787,Matti,Hruska,2011-01-01,66948797493,Claudianus,2301 Golf Course Avenue,88900,Sorochuco,Koprivničko-križevačka,Tehnička škola Kiša,0 Crescent Oaks Place,3,C,Architecture,2,Beale,Harmour,2025-09-20,2026-07-19,,Lecturer,1
788,Hestia,Hindshaw,2011-02-17,15427611579,Romain,49 Bluestem Park,55000,Elassóna,Istarska,Tehnička škola Kiša,206 Coleman Way,1,E,Music,5,Katharina,Bacop,2026-07-28,2026-04-04,,Visiting professor,4
789,Donelle,Stradling,2011-08-24,87524898324,Kaine,258 Saint Paul Drive,22300,Huaping,Brodsko-posavska,Tehnička škola Jupiter,250 Ludington Pass,1,D,Psychology,1,Henrie,Lippo,2026-06-03,2026-07-13,,Asistent,1
790,Allissa,Shearn,2009-12-31,72357315452,Boycie,722 Hayes Trail,99000,Nanlang,Virovitičko-podravska,Gimnazija Cvijet,8 Burning Wood Way,1,C,Accounting,5,Perry,Nealand,2025-09-21,2026-04-07,,Docent,1
791,Lorie,McIlmorow,2008-09-07,30766768162,Efrem,04 Main Alley,55600,Millet,Virovitičko-podravska,Osnovna škola Rijeka,52 Glendale Lane,1,G,Criminal Justice,3,Marcus,Worsham,2025-08-01,2026-03-31,,Associate professor,5
792,Matilda,Baldry,2011-04-14,44700393566,Corrie,946 Donald Hill,88900,Wurigelebur,Vukovarsko-srijemska,Umjetnička škola Sunce,244 Graceland Junction,1,F,Biology,4,Dolph,Seathwright,2025-12-13,2026-05-25,,Lecturer,2
793,Deanne,Eayrs,2010-10-28,51609425571,Bryan,125 Loftsgordon Trail,77800,Marale,Virovitičko-podravska,Osnovna škola Šuma,43220 Nova Court,4,A,Literature,2,Wallie,Kerfut,2026-05-18,2026-07-28,,Docent,4
794,Moll,Ruilton,2009-03-22,66181856406,Elliot,09 Hagan Junction,77000,Gotse Delchev,Koprivničko-križevačka,Tehnička škola Oblak,421 Sutherland Way,3,F,Political Science,2,Vonny,Durante,2025-11-14,2026-02-24,,Asistent,5
795,Selle,Graddon,2012-10-18,29465650681,Heinrick,89243 Bunting Court,11000,Sauga,Vukovarsko-srijemska,Gimnazija Cvijet,0 Fordem Trail,2,J,Music,2,Trescha,Mayston,2025-08-04,2026-05-14,,Assistant professor,1
796,Ottilie,Peyzer,2008-01-17,71170500756,Bartie,66 Novick Junction,20000,Perpignan,Vukovarsko-srijemska,Osnovna škola Šuma,2996 Loftsgordon Trail,4,B,Music,4,Cissiee,Vercruysse,2025-12-10,2026-01-17,,Associate professor,3
797,Dyane,Goodfellowe,2008-08-01,78124409909,Gunar,514 Steensland Parkway,88000,Rokiciny,Osječko-baranjska,Osnovna škola Cvijet,85423 Gulseth Lane,4,H,English,4,Bald,Filyakov,2026-03-23,2026-01-05,,Assistant professor,5
798,Edward,McGeoch,2010-09-22,96714747813,Francklin,0647 Bobwhite Street,54321,Deqing,Vukovarsko-srijemska,Gimnazija Vjetar,3 Brickson Park Circle,4,G,Law,1,Eric,Cejka,2025-10-06,2026-07-09,,Visiting professor,4
799,Karoly,Gravenall,2010-08-05,30520506615,Merry,79370 Shoshone Crossing,44000,Goraj,Brodsko-posavska,Osnovna škola Snijeg,9 Merchant Pass,2,D,Accounting,4,Joli,MacDunlevy,2025-10-08,2026-06-12,,Lecturer,2
800,Aron,Banasik,2009-04-20,96276635482,Sherman,080 Russell Park,99000,Lumbardhi,Pazinska,Umjetnička škola Mjesec,76182 Hauk Trail,3,B,Sociology,4,Kristien,Southam,2025-08-18,2026-06-22,,Visiting professor,1
801,Charles,Toffolini,2011-06-22,86929771916,Brett,33 Monterey Park,33400,Pidigan,Zadarska,Srednja škola Mjesečina,1 Straubel Avenue,4,J,Medicine,1,Langsdon,Strangwood,2026-05-30,2026-07-03,,Adjunct professor,5
802,Jack,Merrell,2008-06-23,46161350923,Eddy,4338 Bartillon Lane,66700,La Victoria,Požeško-slavonska,Gimnazija Zvijezda,04067 Prairie Rose Court,1,J,Marketing,2,Nanni,St. Ledger,2026-05-14,2026-04-13,,Associate professor,5
803,Fanni,Karlsen,2012-12-11,57774941431,Ash,40 Crest Line Plaza,88900,San Miguel,Sisačko-moslavačka,Umjetnička škola Oblak,2 Service Hill,2,H,Nursing,5,Marybeth,Ivanyushkin,2025-07-31,2025-10-17,,Docent,5
804,Donal,Phipson,2011-01-23,43043482862,Trefor,78860 Logan Crossing,22300,Gachalá,Karlovačka,Tehnička škola Svemir,36702 Trailsway Alley,4,B,Business,2,Jude,Gallagher,2025-08-02,2025-09-11,,Docent,5
805,Annora,Greatbatch,2012-03-10,89619066218,Paco,9177 Farmco Plaza,33400,Tahilt,Sisačko-moslavačka,Osnovna škola Planina,1 Miller Drive,2,E,Nursing,5,Daisi,Collingdon,2026-01-13,2026-04-15,,Predavac,3
806,Demetre,Rothermel,2012-05-03,69879775167,Ned,22 Vernon Plaza,88000,Suita,Brodsko-posavska,Tehnička škola Svemir,8 Buena Vista Way,4,J,Anthropology,1,Lilli,Belward,2025-12-02,2025-10-17,,Visiting professor,4
807,Caron,Inchboard,2009-12-24,96899831918,Dorey,81441 Ohio Pass,11200,Xinglong,Zagrebačka,Umjetnička škola Oblak,96776 Meadow Valley Park,3,J,Sociology,5,Ailis,Cheetam,2026-04-27,2026-05-02,,Associate professor,3
808,Zachariah,Shallow,2010-08-15,29798817017,Hermy,6 Cherokee Lane,33400,Trzcianka,Pazinska,Osnovna škola Snijeg,7 Toban Terrace,3,G,Physical Education,5,Shaina,Pree,2026-05-12,2025-08-01,,Associate professor,3
809,Novelia,Sleaford,2008-11-02,88582966988,Olenolin,70 Everett Point,44000,Oelui,Brodsko-posavska,Srednja škola Brdo,4041 Debra Junction,1,A,Marketing,4,Cori,Tullot,2025-09-16,2026-07-16,,Profesor emeritus,2
810,Benedicta,Hayesman,2011-08-28,13943301916,Gothart,04 Canary Lane,88900,Geshan,Istarska,Umjetnička škola Oblak,1 Acker Trail,4,A,Biology,5,Kandace,Sciusscietto,2025-10-13,2025-07-31,,Associate professor,4
811,Cherida,Sarath,2012-06-05,70727923084,Sven,2342 Raven Crossing,55000,Pau,Brodsko-posavska,Srednja škola Supernova,3 Lakeland Park,2,E,Dentistry,3,Kirsteni,Stanistrete,2025-11-08,2025-09-07,,Predavac,5
812,Juditha,Fligg,2012-03-03,83064312233,Spence,0184 Elka Drive,55000,Rongcheng,Vukovarsko-srijemska,Tehnička škola Sunčev sustav,889 Merrick Pass,4,D,Environmental Science,1,Kirstyn,Tennet,2026-06-22,2026-05-29,,Lecturer,5
813,Ynez,Searchwell,2010-08-07,99816186253,Armand,6 Northland Park,22300,Sịa,Varaždinska,Srednja škola Zemlja,6 Corscot Avenue,4,G,Political Science,4,Heath,Ivchenko,2026-06-26,2025-08-16,,Research professor,1
814,Solly,Lesor,2008-05-30,71853919761,Rodrique,7048 Dahle Center,54321,Paços de Ferreira,Vukovarsko-srijemska,Srednja škola Supernova,55321 Novick Parkway,4,J,Business,2,Chane,Horick,2026-04-19,2025-11-04,,Docent,3
815,Ilysa,Petegrew,2011-06-20,47909835520,Egor,08 Sunfield Trail,11200,København,Lika-senjska,Srednja škola Ljeto,505 Troy Drive,2,D,Economics,1,Modesty,Antonignetti,2026-07-12,2025-08-29,,Asistent,3
816,Ahmed,Siemandl,2008-03-16,67357856667,Alwyn,55834 Eastwood Pass,88900,Barranco de Loba,Pazinska,Srednja škola Ljeto,25417 Rieder Center,4,B,Astronomy,3,Sig,Cheng,2026-01-28,2026-06-27,,Visiting professor,3
817,Hillier,Cawdery,2009-09-16,94277550606,Dante,12 Jenna Court,55000,Sophia Antipolis,Virovitičko-podravska,Osnovna škola Sunce,7822 Nelson Court,4,G,Computer Science,2,Valeda,Trail,2025-08-27,2026-02-27,,Assistant professor,4
818,Leontine,MacPaden,2008-10-28,93971936699,Hi,6376 Talmadge Parkway,99000,Dalong,Splitsko-dalmatinska,Osnovna škola Sunčeva svjetlost,0666 Farragut Alley,3,G,Dentistry,1,Gar,Fomichyov,2025-10-04,2026-06-23,,Lecturer,4
819,Ermentrude,Bedward,2010-12-22,20498165856,Fabe,363 Hooker Point,66000,Sake,Lika-senjska,Osnovna škola Saturn,2702 Victoria Place,3,I,Business,2,Mignon,Myers,2025-08-12,2026-05-18,,Lecturer,5
820,Rosene,Ianiello,2011-11-24,45675873963,Walden,225 Jenifer Avenue,44500,Pananaw,Vukovarsko-srijemska,Osnovna škola Planeta X,4 Hauk Court,4,C,Astronomy,2,Daniella,Rodrigo,2026-06-28,2026-07-19,,Predavac,5
821,Elvera,Cuberley,2012-02-23,47949915733,Brant,2 Kings Center,66000,Ciganaria,Brodsko-posavska,Umjetnička škola Mars,7010 Dovetail Parkway,3,C,Music,5,Israel,Beminster,2025-09-10,2026-02-14,,Docent,2
822,Gigi,Pardue,2009-11-04,91634224100,Cesaro,06 Kinsman Center,66000,Al Khamīs,Splitsko-dalmatinska,Srednja škola Zemlja,7 Loomis Junction,4,H,Music,4,Hortense,Readwing,2026-01-28,2026-01-22,,Associate professor,5
823,Olin,Gaisford,2012-09-09,17997277685,Basilio,811 Village Green Court,54321,Foumbot,Krapinsko-zagorska,Srednja škola Ljeto,80 Annamark Park,4,C,Literature,4,Nanon,Quincey,2025-09-26,2026-01-11,,Profesor emeritus,3
824,Lizabeth,Cancutt,2012-03-19,37797415196,Yardley,8144 Memorial Hill,22300,Santo Domingo Oeste,Krapinsko-zagorska,Gimnazija Jesen,988 Vahlen Pass,4,I,Business,1,Talia,Scamal,2026-02-20,2026-07-26,,Visiting professor,1
825,Siobhan,Tapner,2011-03-30,34958272995,Dall,31738 Artisan Crossing,33400,Zhougao,Vukovarsko-srijemska,Srednja škola Zemlja,344 Mitchell Drive,4,B,Physics,5,Eduard,Meriet,2026-03-23,2026-05-05,,Lecturer,3
826,Averil,Purselow,2012-08-16,79655702839,Kermy,87 Leroy Way,77000,Tianjiazhai,Zadarska,Osnovna škola Snijeg,96949 Ilene Parkway,1,D,Architecture,3,Samantha,Wissby,2026-07-12,2026-07-01,,Profesor emeritus,5
827,Katharine,Grelik,2011-10-04,86770449602,Chick,8 International Trail,88000,Huangtugang,Karlovačka,Srednja škola Supernova,7321 Northridge Hill,3,A,Music,1,Guglielmo,Colegate,2026-05-16,2026-01-28,,Docent,3
828,Tova,O'Siaghail,2009-12-22,18086821151,Brocky,10556 Spaight Road,11200,Gostovići,Požeško-slavonska,Umjetnička škola Oblak,1 Blackbird Crossing,2,J,Economics,1,Dirk,Passfield,2025-12-12,2026-03-16,,Predavac,3
829,Ansel,McClurg,2009-01-24,65335155315,Booth,6226 Park Meadow Drive,88000,Isanlu Itedoijowa,Vukovarsko-srijemska,Osnovna škola Cvijet,53227 Sachtjen Center,4,J,Sociology,5,Neysa,O' Neligan,2026-07-17,2025-10-19,,Profesor emeritus,1
830,Prescott,Somerlie,2009-05-19,54496424268,Teodoro,7 Ronald Regan Pass,66700,Snizhne,Zagrebačka,Srednja škola Galaksija,98021 Park Meadow Road,3,D,Psychology,3,Payton,Wotton,2026-03-19,2026-07-02,,Visiting professor,2
831,Reinold,Mileham,2010-09-17,28902677126,Ulises,88427 Vera Avenue,11000,Campo Largo,Varaždinska,Gimnazija Jesen,4887 Mayfield Hill,2,I,Art,3,Adelaide,Wattisham,2026-01-20,2026-02-12,,Asistent,1
832,Lyndel,McSperron,2009-03-31,74796545430,Gaston,0812 Utah Road,66700,Bastos,Dubrovačko-neretvanska,Gimnazija Drvo,63541 Dahle Circle,1,B,Marketing,3,Gerrie,Manueau,2026-06-11,2026-02-13,,Visiting professor,2
833,Clayson,Downage,2009-12-18,48616732831,Glenden,27 Dahle Street,11000,Drammen,Osječko-baranjska,Srednja škola Planeta,1 Eliot Pass,1,G,Sociology,1,Kent,Padgett,2025-12-16,2025-12-13,,Profesor emeritus,2
834,Mabelle,Giggie,2012-11-03,63520910388,Tommy,5 Granby Junction,55600,Sanli,Zadarska,Osnovna škola Sunčeva svjetlost,8 Mitchell Court,4,F,Economics,2,Alvinia,Sherrott,2025-10-10,2025-11-28,,Lecturer,4
835,Kynthia,Stolle,2009-12-13,47052555451,Earl,1030 Westport Point,99000,Cariaco,Međimurska,Osnovna škola Asteroid,0345 Moland Point,2,E,Biology,4,Vanna,Dood,2025-10-27,2026-07-24,,Asistent,3
836,Josefa,Petrakov,2012-08-03,59607099299,Rufus,5077 Vera Trail,12345,Sinmak,Brodsko-posavska,Tehnička škola Oblak,6676 Bowman Crossing,2,I,History,4,Jill,Clinch,2026-03-19,2026-02-01,,Visiting professor,3
837,Ermin,Rawlins,2012-08-16,52251054645,Lane,60 Boyd Parkway,77800,Chone,Požeško-slavonska,Osnovna škola Saturn,79 Upham Circle,4,G,Philosophy,2,Reggie,Hugnot,2026-05-01,2026-03-03,,Research professor,3
838,Phylys,Shambroke,2010-09-18,98534381554,Derril,4498 Golf Course Point,66000,Hanshou,Šibensko-kninska,Srednja škola Galaksija,5 Kingsford Park,2,E,Physical Education,4,Markos,Cesaric,2025-09-24,2026-04-08,,Lecturer,3
839,Christine,Churms,2012-03-02,40278542080,Archibold,26 Kropf Park,77000,Dobrá,Vukovarsko-srijemska,Tehnička škola Sunčev sustav,798 Bunting Place,1,C,Physical Education,3,Fanya,Stelfax,2026-04-20,2026-02-24,,Associate professor,3
840,Yvon,Chittim,2010-09-15,65942824066,Byram,940 Muir Hill,33400,Al Manşūrah,Koprivničko-križevačka,Tehnička škola Kiša,4518 Prentice Center,3,B,Accounting,4,Elisha,Thomas,2026-07-17,2026-05-12,,Associate professor,4
841,Vitia,Fairburn,2008-11-30,24661344860,Jarrod,489 4th Terrace,88000,Gibato,Međimurska,Umjetnička škola Sunce,28 Debs Lane,2,F,Medicine,4,Ferris,Sharples,2025-12-08,2026-03-06,,Predavac,4
842,Torrin,Winnard,2008-02-19,11793563529,Abbie,7 Vahlen Junction,22300,Xidoupu,Istarska,Osnovna škola Trava,095 Weeping Birch Hill,3,H,Economics,1,Hadria,Flieger,2026-03-06,2026-01-10,,Visiting professor,1
843,Walton,Crump,2012-06-01,41637665524,Barnard,2 Morning Road,33400,Taytay,Zagrebačka,Tehnička škola Jupiter,12530 Gulseth Pass,2,H,Physical Education,3,Idell,McCullum,2025-10-10,2025-08-06,,Profesor emeritus,5
844,Duane,Duley,2010-06-27,46023650336,Jeffrey,28 Butterfield Plaza,22300,Nar'yan-Mar,Splitsko-dalmatinska,Osnovna škola Pustinja,9 Veith Drive,4,G,Philosophy,5,Isacco,Schimon,2026-05-08,2025-10-20,,Associate professor,2
845,Tate,Kennon,2008-09-04,21952579387,Elia,0 Fair Oaks Park,55600,Pokrovskoye-Streshnëvo,Požeško-slavonska,Osnovna škola Ptica,55966 Katie Drive,2,E,Psychology,5,Blancha,Philpots,2026-07-15,2026-05-07,,Profesor emeritus,3
846,Adan,Marunchak,2008-12-11,73153414472,Lorens,8 Clarendon Point,66000,Chengshan,Vukovarsko-srijemska,Osnovna škola Planina,535 Walton Alley,3,E,Political Science,1,Manon,Driffield,2026-05-04,2026-07-29,,Lecturer,2
847,Mellisa,Mattiassi,2009-03-01,75624886753,Craig,579 Clemons Court,99000,Dzików Stary,Krapinsko-zagorska,Gimnazija Vjetar,41 Dennis Court,4,I,Environmental Science,5,Cesya,Loghan,2026-02-06,2026-07-13,,Adjunct professor,3
848,Randie,Torpie,2008-09-27,34763122039,Rodrique,540 Harper Hill,99000,Delgermörön,Dubrovačko-neretvanska,Osnovna škola Zima,12185 Oxford Avenue,4,G,Veterinary,5,Aida,Boucher,2025-08-24,2026-01-25,,Predavac,2
849,Langston,Vearncomb,2009-12-12,65573621243,Ransell,78 Loftsgordon Point,12345,Boawae,Bjelovarsko-bilogorska,Srednja škola More,34 Express Way,1,I,Architecture,2,Valerie,Hasty,2026-07-20,2026-02-25,,Assistant professor,1
850,Evanne,Rubberts,2008-10-09,95710886273,Henderson,59 Dixon Road,66000,Khasht’arrak,Virovitičko-podravska,Umjetnička škola Oblak,90422 Ridgeway Avenue,3,H,Art,1,Dennison,Bodham,2025-10-27,2026-05-17,,Lecturer,2
851,Mallory,Dunklee,2012-04-27,19552712291,Alfy,76 Oakridge Court,44500,El Paso,Splitsko-dalmatinska,Srednja škola Mjesečina,225 Bay Circle,2,A,Environmental Science,3,Marketa,Baszniak,2025-08-28,2026-02-02,,Lecturer,1
852,Nadya,Bernardt,2011-05-02,63652629165,Isidor,6184 Forest Run Park,22300,Nonoichi,Virovitičko-podravska,Srednja škola Otok,606 Eastwood Street,4,F,Geography,4,Clint,Stredwick,2026-06-22,2026-07-26,,Visiting professor,4
853,Christye,Belverstone,2012-10-31,37929833520,Ellerey,0443 Glendale Crossing,35000,Široki Brijeg,Sisačko-moslavačka,Srednja škola Ljeto,41588 Melody Alley,1,H,Psychology,2,Drusilla,Rishworth,2026-04-16,2025-12-05,,Adjunct professor,1
854,Marilyn,Clace,2009-09-01,40914396402,Dolf,13206 Glendale Road,54321,General Ramírez,Sisačko-moslavačka,Osnovna škola Sunce,32 Coolidge Hill,1,J,Astronomy,4,Christel,Carrick,2026-01-22,2025-11-30,,Assistant professor,1
855,Grethel,Brookfield,2008-10-03,49425843205,Ludwig,091 Nova Point,54321,Lobuk,Vukovarsko-srijemska,Umjetnička škola Nebesko tijelo,6610 Caliangt Court,1,A,Music,1,Bram,Cruickshanks,2025-08-22,2026-02-04,,Adjunct professor,1
856,Andrea,Keyser,2012-02-14,13114896944,Morgen,784 Ryan Alley,12345,Fresno,Vukovarsko-srijemska,Gimnazija Vjetar,907 Barby Hill,1,C,Music,1,Correna,Linge,2026-01-10,2026-04-04,,Research professor,2
857,Philippa,Brett,2011-02-01,78495568767,Jon,600 Kensington Alley,88000,Falun,Vukovarsko-srijemska,Srednja škola Mjesečina,83493 Schlimgen Place,4,I,Dentistry,1,Kassey,Coslitt,2026-01-29,2025-09-25,,Predavac,4
858,Morse,Orthmann,2009-09-08,76951923957,Hardy,8842 Gina Parkway,20000,Uppsala,Pazinska,Srednja škola Ljeto,76 Trailsway Trail,2,D,Economics,3,Lulita,Gowrie,2025-11-12,2025-10-31,,Lecturer,3
859,Grethel,Mazzei,2008-09-30,14545240860,Kile,9 Randy Hill,11000,Poxin,Lika-senjska,Gimnazija Zvijezda,666 Vermont Parkway,2,D,Accounting,5,Edik,Plaice,2026-03-03,2025-11-02,,Lecturer,1
860,Emily,Scarbarrow,2009-11-18,69077627801,Kahlil,7 Merchant Park,66000,Cache Creek,Virovitičko-podravska,Osnovna škola Univerzum,34 Walton Park,2,H,Environmental Science,4,Rois,Lafayette,2025-08-16,2025-10-09,,Predavac,3
861,Fulton,Bene,2009-07-20,39386220931,Natale,5 School Avenue,11200,Aygeshat,Sisačko-moslavačka,Gimnazija Komet,9412 Cordelia Hill,3,J,Physical Education,1,Armando,Billanie,2026-01-09,2026-06-20,,Adjunct professor,2
862,Gusty,Loalday,2008-07-11,32607206673,Natal,84 Doe Crossing Drive,77000,Huancheng,Vukovarsko-srijemska,Tehnička škola Oblak,40315 Shoshone Avenue,4,B,Medicine,3,Erin,Oldcote,2026-02-03,2026-05-01,,Profesor emeritus,4
863,Leontine,Ecclestone,2010-04-11,46288718447,Nilson,41876 Larry Point,20000,Ajax,Brodsko-posavska,Gimnazija Cvijet,49 Buhler Way,1,I,Physics,5,Tomas,Rodrigues,2025-11-01,2025-12-12,,Predavac,2
864,Joceline,Whinray,2008-01-14,50424929251,Hamil,8948 Moose Place,33400,Khlong Hat,Krapinsko-zagorska,Srednja škola Brdo,00 Jay Way,4,E,Anthropology,5,Wesley,Baish,2026-02-23,2026-01-26,,Predavac,2
865,Garv,Heino,2011-12-30,44503151944,Vasily,976 Merchant Terrace,11200,Yoshkar-Ola,Lika-senjska,Umjetnička škola Mjesec,70 Manitowish Plaza,4,F,Architecture,3,Carole,Children,2026-06-08,2026-01-28,,Research professor,4
866,Katharine,Nickoll,2011-10-04,79557847676,Francois,38 East Trail,22300,Alto de la Estancia,Primorsko-goranska,Srednja škola Mjesec,627 Marcy Avenue,2,D,Physical Education,3,Ware,Oganesian,2026-05-25,2026-01-16,,Lecturer,3
867,Janot,Baress,2009-12-02,76551685213,Neils,78 Vermont Drive,22300,Ostrožská Nová Ves,Brodsko-posavska,Osnovna škola Cvijet,258 Summerview Avenue,3,I,Political Science,4,Felic,Deme,2025-09-20,2026-03-17,,Assistant professor,2
868,Patti,Duggan,2010-03-12,71918920069,Ted,81 Randy Trail,11200,Shimen,Varaždinska,Srednja škola Supernova,93 Almo Place,2,F,Economics,5,Gabi,Cloney,2026-01-07,2025-12-09,,Assistant professor,4
869,Glyn,Haccleton,2012-01-20,96763246182,Gualterio,9392 Redwing Plaza,44000,Isahaya,Dubrovačko-neretvanska,Osnovna škola Trava,63738 Forster Parkway,1,C,Physics,3,Vinny,Altoft,2026-04-16,2026-02-15,,Lecturer,1
870,Maximo,Rive,2008-06-30,85270189658,Agustin,658 Huxley Point,99000,Hengyang,Krapinsko-zagorska,Osnovna škola Snijeg,694 Westridge Road,1,H,Anthropology,1,Ragnar,Fockes,2026-04-22,2026-01-20,,Docent,1
871,Farrah,Imore,2012-09-21,21607172960,Paton,620 Twin Pines Plaza,54321,Klerksdorp,Primorsko-goranska,Osnovna škola Sunce,08 Paget Park,3,B,Environmental Science,2,Cristal,Brellin,2026-07-30,2025-10-27,,Visiting professor,5
872,Junie,Eglaise,2010-06-04,36856036162,Tammy,3202 Jenna Circle,44500,Sauce,Bjelovarsko-bilogorska,Osnovna škola Crna rupa,19 Washington Center,2,B,Physical Education,1,Ashien,Lethlay,2025-10-22,2025-10-01,,Lecturer,2
873,Beth,Petrovsky,2010-02-04,91157077587,Adrien,23 Veith Alley,20000,Jatibonico,Vukovarsko-srijemska,Osnovna škola Saturn,35510 Little Fleur Street,3,F,Sociology,3,Madelena,Goldsby,2026-02-27,2025-09-25,,Visiting professor,1
874,Ingmar,Larose,2008-09-09,81513066828,Aharon,0224 Lindbergh Avenue,35000,Sigay,Dubrovačko-neretvanska,Umjetnička škola Sunce,3725 Summit Circle,2,H,Physical Education,3,Cammi,Debenham,2026-05-11,2025-10-26,,Visiting professor,4
875,Travis,Le Port,2009-08-18,48201958231,Frederik,7 Milwaukee Place,11200,Palaióchora,Koprivničko-križevačka,Gimnazija Drvo,92 Monterey Plaza,2,D,Nursing,5,Manda,Brocklehurst,2025-12-15,2025-09-04,,Profesor emeritus,2
876,Ingram,Hoys,2012-07-31,93231902780,Carlie,31393 Carberry Circle,11000,Karano,Brodsko-posavska,Srednja škola Otok,11084 Cordelia Alley,4,J,Mathematics,2,Amabel,Rean,2026-02-10,2025-12-16,,Associate professor,1
877,Jereme,Eneas,2009-06-18,95560744301,Tremain,59 Mesta Alley,11200,Balykchy,Zadarska,Gimnazija Komet,8442 Commercial Crossing,1,B,Geography,5,Ian,Crannach,2025-09-13,2026-01-17,,Asistent,3
878,Temple,Dinsale,2012-10-01,14681788470,Gilbert,828 Prentice Crossing,22300,Lębork,Istarska,Osnovna škola Planina,31 Debra Park,3,A,Environmental Science,3,Mariquilla,Keward,2025-11-17,2025-12-13,,Research professor,1
879,Garry,Hentzeler,2012-05-16,85725063429,Pembroke,628 Bartelt Trail,44000,Yonghe,Međimurska,Tehnička škola Sunčev sustav,35 Arkansas Trail,2,A,Criminal Justice,4,Myrta,Monkleigh,2025-10-31,2026-06-26,,Asistent,3
880,Rosa,Fogden,2009-02-10,11990248499,Galvin,9 Ruskin Lane,44500,Chuangye,Pazinska,Osnovna škola Sunčeva svjetlost,1 Sherman Parkway,1,B,Computer Science,4,Megan,Sposito,2026-01-10,2026-06-11,,Visiting professor,5
881,Modesty,Fidelli,2009-08-09,84288540422,Jake,029 Dayton Circle,20000,Longhua,Brodsko-posavska,Gimnazija Vjetar,526 Luster Circle,2,A,Medicine,5,Marsha,Bergstrand,2025-10-31,2026-06-21,,Predavac,2
882,Dame,Braisted,2009-05-07,85224883428,Giacopo,92 Towne Avenue,88900,Shibi,Pazinska,Gimnazija Zvijezda,5 Colorado Plaza,3,G,Environmental Science,4,Inna,Sommerly,2026-02-25,2026-07-26,,Adjunct professor,1
883,Lusa,Tallquist,2010-07-18,14355060678,Janos,46041 Ramsey Circle,88000,Esteio,Lika-senjska,Osnovna škola Voda,58 Anderson Hill,3,B,Architecture,1,Bellina,Josskoviz,2025-10-04,2025-11-17,,Visiting professor,5
884,Max,Dana,2011-04-04,31537526182,Adams,2736 Granby Junction,88900,Huayuan,Šibensko-kninska,Srednja škola More,49 Northland Terrace,1,J,Law,1,Herminia,Simchenko,2026-04-11,2026-07-03,,Associate professor,4
885,Orelle,Wigfall,2012-11-30,39066000283,Ignatius,76 Carpenter Terrace,11000,Arkhaía Kórinthos,Vukovarsko-srijemska,Osnovna škola Zvijezda,834 Waubesa Park,4,E,Accounting,3,Adel,Rist,2025-08-22,2026-04-26,,Lecturer,4
886,Berrie,Rops,2012-07-17,93922524855,Marve,6646 Sachs Way,35000,Gamovo,Dubrovačko-neretvanska,Osnovna škola Ptica,9908 Tennyson Circle,1,F,Engineering,1,Kane,Bowdrey,2026-06-21,2025-08-27,,Asistent,5
887,Claresta,Grellier,2010-07-25,62580835939,Benjy,196 Orin Place,77000,Senekal,Osječko-baranjska,Osnovna škola Planina,3986 Bellgrove Circle,3,C,History,3,Thedrick,Hambright,2026-06-16,2026-06-13,,Docent,1
888,Baron,Staries,2010-01-15,99273761501,Hermon,406 Shasta Lane,44000,Cachoeirinha,Varaždinska,Tehnička škola Sunčev sustav,6623 Jenifer Terrace,3,H,Veterinary,5,Fidela,Tante,2026-02-09,2026-05-15,,Associate professor,4
889,Orion,Veronique,2008-11-17,89726240569,Skye,88881 Beilfuss Court,54321,Zili,Koprivničko-križevačka,Tehnička škola Oblak,36545 Red Cloud Junction,3,A,Biology,1,Papageno,Oselton,2025-12-06,2026-03-31,,Adjunct professor,2
890,Rollin,Pergens,2011-10-25,95488500197,Mateo,323 Homewood Trail,22300,Kubangwaru,Vukovarsko-srijemska,Umjetnička škola Mjesec,874 Morning Parkway,3,E,Engineering,1,Herbie,Syde,2025-09-28,2025-09-05,,Assistant professor,5
891,Lauri,Branton,2012-02-12,92066934075,Zacharie,55 Spaight Place,88000,Tullinge,Dubrovačko-neretvanska,Tehnička škola Jupiter,42 Steensland Place,2,D,Nursing,5,Ardenia,Liddiatt,2026-01-14,2025-12-26,,Profesor emeritus,3
892,Carlina,Kohring,2012-08-11,48518790783,Delmer,5 Vernon Street,20000,Vladivostok,Brodsko-posavska,Srednja škola Zemlja,37562 Knutson Point,2,G,Dentistry,1,Stanley,Wathey,2026-07-12,2026-04-10,,Assistant professor,1
893,Ortensia,Pendlenton,2009-09-22,77258826449,Tremaine,8230 Ridge Oak Circle,99000,Independencia,Karlovačka,Gimnazija Jesen,8929 Dexter Plaza,4,C,Nursing,3,Dory,Ackeroyd,2026-07-12,2026-07-23,,Asistent,4
894,Malachi,Treagust,2008-11-12,30166114008,Osbert,74 Oak Valley Alley,20000,Novikovo,Sisačko-moslavačka,Tehnička škola Svemir,65763 Brickson Park Street,3,D,Astronomy,1,Niko,Killelay,2026-04-07,2026-04-24,,Assistant professor,2
895,Zondra,Janouch,2011-06-24,87290372320,Carmine,283 Del Mar Parkway,44000,Drásov,Zagrebačka,Umjetnička škola Mars,0587 Mockingbird Alley,4,G,Engineering,3,Shadow,Simeonov,2026-01-27,2026-06-18,,Predavac,1
896,Franciska,Schleicher,2010-10-27,94886783072,Baxy,1652 Havey Road,55000,Wrocław,Krapinsko-zagorska,Umjetnička škola Nebesko tijelo,6315 Oak Valley Pass,1,F,Nursing,5,Yoko,Denes,2026-04-30,2026-05-23,,Adjunct professor,2
897,Kaine,Beahan,2010-09-16,96661225650,Abbott,826 Michigan Place,77000,Menongue,Sisačko-moslavačka,Umjetnička škola Sunce,8133 Esch Place,1,H,Literature,1,Shaine,Clawson,2025-12-24,2026-05-09,,Associate professor,4
898,Monah,Deetch,2010-12-30,44930985719,Jose,2 Bunting Parkway,99000,Ar Raqqah,Krapinsko-zagorska,Osnovna škola Planeta X,76632 Oriole Trail,1,G,Dentistry,4,Gualterio,Gianneschi,2025-10-06,2026-03-28,,Asistent,1
899,Cello,Gruczka,2012-12-14,65472054566,Benjy,1941 Eagle Crest Circle,77000,Rucheng Chengguanzhen,Zagrebačka,Tehnička škola Sunčev sustav,85 Fordem Park,3,I,Psychology,3,Aymer,Pottery,2025-09-14,2025-12-21,,Research professor,4
900,Trever,Mingey,2009-05-13,25321544753,Tedmund,237 Fordem Trail,88000,Puerto Barrios,Požeško-slavonska,Srednja škola More,6 Debra Road,2,J,Art,5,Nomi,Snedden,2026-01-01,2025-09-16,,Adjunct professor,2
901,Jordan,Dradey,2010-11-09,80350182715,Chas,4 Utah Junction,20000,Xinfeng,Osječko-baranjska,Gimnazija Cvijet,4161 Scoville Lane,1,A,Philosophy,4,Jerrilee,Dufaur,2025-12-26,2025-12-27,,Profesor emeritus,4
902,Welch,Le Sarr,2008-07-09,76312195557,Quill,78 Almo Avenue,44500,Mýrina,Lika-senjska,Umjetnička škola Oblak,42 Fieldstone Drive,4,B,Music,4,Lizzy,Curcher,2025-08-21,2026-03-13,,Predavac,3
903,Vivianna,Iacobacci,2012-03-10,20163522480,Benji,05038 Anzinger Park,88000,Qiling,Požeško-slavonska,Srednja škola Otok,356 Park Meadow Avenue,2,G,Dentistry,4,Irving,Deluca,2026-07-14,2026-01-13,,Docent,5
904,Ardelle,Iacoviello,2010-03-23,10047517210,Lazare,7041 Bobwhite Drive,44000,Iwamizawa,Brodsko-posavska,Umjetnička škola Mjesec,2774 Westerfield Avenue,1,C,Literature,1,Mariam,Bednell,2026-03-25,2025-10-24,,Adjunct professor,3
905,Shandie,Zarfati,2011-06-25,98502676330,Gifford,852 Muir Lane,77000,Burträsk,Osječko-baranjska,Umjetnička škola Sunce,4 Green Center,3,J,Physics,4,Felicle,Puttan,2026-04-03,2025-09-18,,Profesor emeritus,2
906,Gun,Chatwood,2009-11-16,77550293325,Gar,5339 Burning Wood Junction,99000,Badovinci,Lika-senjska,Srednja škola Supernova,74 Service Drive,2,I,Business,4,Prentice,Durdle,2026-03-02,2026-02-13,,Predavac,1
907,Feodor,Le Blond,2011-05-18,10586519077,Carling,51 Summer Ridge Hill,11000,Ciakar,Zadarska,Tehnička škola Kiša,70 Becker Crossing,1,A,English,1,Ronalda,Duffett,2025-09-20,2025-12-09,,Docent,3
908,Jacynth,Westlake,2008-06-21,66919109088,Finn,180 Walton Center,88000,Segezha,Koprivničko-križevačka,Osnovna škola Planina,194 Nancy Avenue,4,E,Physical Education,2,Tallulah,Cadman,2025-08-23,2026-07-24,,Associate professor,2
909,Ginnie,Hallatt,2008-02-15,43291931413,Lenci,934 Vidon Junction,11000,Mihara,Međimurska,Osnovna škola Cvijet,5014 Colorado Lane,4,F,Chemistry,1,Cristine,Taplin,2026-03-06,2026-01-18,,Associate professor,5
910,Ora,Judgkins,2008-11-15,89922795039,Bernardo,7422 Anderson Circle,55000,Niushou,Vukovarsko-srijemska,Umjetnička škola Oblak,4 Coolidge Parkway,1,J,Physical Education,4,Kleon,Zotto,2025-12-13,2025-12-03,,Lecturer,3
911,Gaylene,Youel,2010-09-05,11115322352,Herold,9575 Chinook Crossing,20000,Hanušovice,Lika-senjska,Umjetnička škola Oblak,47 Oakridge Way,1,G,Physical Education,3,Gerald,Joskovitch,2025-09-04,2025-11-18,,Profesor emeritus,4
912,Urban,Morden,2011-05-25,40249033914,Mayne,62472 Northland Place,66700,Sukadana,Brodsko-posavska,Osnovna škola Crna rupa,75467 Arkansas Alley,2,G,Philosophy,5,Anabel,Calveley,2025-08-14,2026-03-22,,Adjunct professor,1
913,Nat,Hinkens,2010-08-08,83974853890,Phip,301 Hooker Alley,99000,Pangtangis Dajah,Međimurska,Gimnazija Jesen,04240 Ohio Trail,2,E,Computer Science,3,Riane,Marrion,2025-10-20,2025-09-25,,Visiting professor,1
914,Winfield,Epinoy,2012-08-17,47058650420,Xenos,737 Calypso Drive,12345,Pendiqing,Međimurska,Osnovna škola Cvijet,342 Novick Point,2,H,Marketing,3,Katti,Larkcum,2025-10-13,2025-10-31,,Adjunct professor,3
915,Giorgia,Pulver,2010-06-13,97266240681,Brant,20 Alpine Road,55600,Boca de Parita,Splitsko-dalmatinska,Osnovna škola Sunce,9 North Drive,4,A,Music,2,Griswold,Lilie,2026-03-11,2025-12-06,,Docent,2
916,Finley,Harmeston,2009-10-13,26253875050,Flint,2579 Donald Crossing,55600,Niagara Falls,Vukovarsko-srijemska,Umjetnička škola Mars,856 Reindahl Hill,2,D,Philosophy,5,Fanya,Peltzer,2026-03-08,2025-10-19,,Docent,5
917,Mareah,Scurrey,2011-04-04,49085489266,Slade,26 Warbler Circle,66000,Itapicuru,Pazinska,Umjetnička škola Nebesko tijelo,1 Victoria Crossing,3,D,Nursing,1,Gabriel,Clitherow,2025-09-28,2025-10-13,,Asistent,1
918,Ede,Bevington,2010-07-17,28748574848,Marietta,0 Kennedy Road,55600,Marau,Zadarska,Umjetnička škola Oblak,62 Donald Place,4,B,English,1,Aldon,Wheater,2025-12-20,2026-01-21,,Assistant professor,4
919,Aldrich,Swiggs,2012-01-10,68247377632,Albrecht,6 Crest Line Court,12345,Nanhu,Brodsko-posavska,Osnovna škola Ptica,7 Barnett Way,4,E,Astronomy,4,Timmie,Megahey,2026-06-25,2026-01-06,,Predavac,1
920,Madeline,Dorrington,2008-01-16,33708093368,Willey,59 Sloan Trail,66700,Novi Beograd,Karlovačka,Srednja škola Ljeto,319 Prentice Circle,3,C,Literature,2,Drusie,Barlee,2026-07-28,2026-06-02,,Visiting professor,4
921,Ado,Gather,2009-03-25,48550584093,Troy,81785 Colorado Crossing,66700,Pasirreungit,Lika-senjska,Gimnazija Drvo,323 Sycamore Parkway,1,D,Dentistry,5,Brietta,Harnor,2026-05-24,2026-07-04,,Adjunct professor,1
922,Michele,McShee,2011-11-14,82640051362,Chan,749 Bellgrove Junction,33400,Jishigang,Splitsko-dalmatinska,Srednja škola Mjesec,0 Bayside Crossing,3,J,Sociology,2,Aguistin,Flooks,2026-05-01,2026-07-05,,Research professor,1
923,Kerianne,Kivlehan,2008-06-01,45601079762,Weylin,20170 Blue Bill Park Way,11000,Sokołów Podlaski,Istarska,Gimnazija Zvijezda,3 Colorado Hill,4,J,Psychology,5,Leandra,Lavis,2026-06-17,2026-02-26,,Visiting professor,3
924,Jerrylee,Moulsdale,2010-06-28,66847277771,Stanleigh,93 Surrey Alley,33400,Jiuxian,Požeško-slavonska,Umjetnička škola Oblak,91 Tomscot Circle,1,C,Biology,1,Ermentrude,Hulme,2025-12-19,2026-03-23,,Docent,2
925,Charmain,Boal,2012-02-03,17298032379,Kelly,1 Mendota Parkway,20000,Surenavan,Sisačko-moslavačka,Gimnazija Jesen,9415 Talisman Trail,3,E,Mathematics,5,Goldia,Durnian,2026-02-04,2025-09-20,,Profesor emeritus,2
926,Kendra,Cullingworth,2012-12-04,74798025403,Sayres,06915 Miller Terrace,20000,Calibishie,Karlovačka,Gimnazija Komet,6 Monica Junction,3,B,Music,1,Noach,O'Cooney,2026-06-22,2026-03-07,,Docent,1
927,Sophey,Ledford,2012-12-15,76970197903,Ivan,19 Everett Junction,66700,Chaoyang,Bjelovarsko-bilogorska,Srednja škola Otok,0 Donald Trail,2,J,Astronomy,3,Joseito,Simmill,2025-09-21,2026-05-12,,Assistant professor,4
928,Daphene,Twigley,2010-09-25,65706728277,Dael,213 Orin Point,33400,Awka,Virovitičko-podravska,Tehnička škola Jupiter,6 Oak Valley Center,1,J,Political Science,1,Raynell,Alltimes,2026-02-05,2026-02-16,,Research professor,1
929,Arte,Gee,2008-06-26,15724614972,Alvy,3 Sunfield Circle,55000,Ottawa,Brodsko-posavska,Tehnička škola Val,12156 Jenifer Drive,4,I,Law,5,Jewel,Swanborough,2026-01-10,2025-08-06,,Lecturer,4
930,Delilah,Manifold,2011-08-12,90426176292,Sly,6229 Glendale Crossing,44500,Pasiraman,Pazinska,Tehnička škola Sunčev sustav,7 Prentice Lane,4,I,Literature,5,Kacy,Clewley,2025-09-20,2026-07-09,,Predavac,4
931,Tailor,Scones,2011-03-13,84908758982,Leif,46899 Little Fleur Court,11200,Aleg,Osječko-baranjska,Gimnazija Vjetar,34 Swallow Drive,3,H,Medicine,5,Cord,Waddams,2026-03-19,2026-05-08,,Assistant professor,4
932,Thia,Edgecombe,2009-06-30,76918500793,Prent,8894 4th Court,33400,Isla Pucú,Primorsko-goranska,Osnovna škola Zvijezda,121 Jana Terrace,1,D,Engineering,5,Bethanne,Yosevitz,2026-07-15,2025-11-04,,Docent,3
933,Raine,Paddingdon,2011-11-04,34686038714,Lukas,42 Weeping Birch Avenue,22300,Marovoay,Lika-senjska,Tehnička škola Svemir,9 Twin Pines Point,3,E,Astronomy,3,Alayne,Bauduccio,2026-02-04,2026-05-14,,Research professor,1
934,Tucker,Heart,2012-10-06,56836394050,Enos,7 Mallard Place,99000,Embarcación,Požeško-slavonska,Umjetnička škola Sunce,5 Algoma Terrace,3,A,Music,3,Che,Campe,2026-05-05,2026-03-24,,Asistent,4
935,Darby,Filipychev,2010-01-30,14277486070,Emory,5132 Morning Hill,11000,Tiexi,Međimurska,Osnovna škola Saturn,04 Eagle Crest Park,2,E,Marketing,5,Law,Dannel,2026-07-28,2025-09-07,,Research professor,5
936,Hale,Flemming,2009-06-13,55735509968,Hilly,5 Arizona Way,11000,Karangsembung,Brodsko-posavska,Osnovna škola Voda,30358 Pleasure Avenue,1,H,English,4,Falito,Vogel,2026-03-22,2025-11-14,,Profesor emeritus,4
937,Pepito,Prendergrast,2009-12-12,79464225472,Zed,268 Dawn Park,66700,Prozor,Šibensko-kninska,Srednja škola More,138 Cambridge Junction,1,F,Chemistry,5,Amalle,Wedmore.,2026-06-06,2026-04-06,,Visiting professor,3
938,Tad,Glidder,2012-04-28,41642267042,Talbert,11416 Stoughton Crossing,99000,Xinglong,Brodsko-posavska,Osnovna škola Zima,55949 Holy Cross Alley,2,J,Law,2,Verge,Boulde,2026-04-11,2025-09-09,,Lecturer,2
939,Odelinda,Gledstane,2012-06-23,58501859404,Barney,6 Eagle Crest Plaza,55000,Sirre,Koprivničko-križevačka,Umjetnička škola Mjesec,8397 Lighthouse Bay Alley,4,C,Physical Education,2,Ruddy,Van den Dael,2025-10-20,2025-09-03,,Asistent,2
940,Lulu,Oller,2012-05-27,73443268234,Kenyon,545 Del Mar Trail,35000,Champigny-sur-Marne,Splitsko-dalmatinska,Umjetnička škola Mjesec,950 Golden Leaf Junction,2,B,Environmental Science,5,Consuelo,Stiegar,2026-06-12,2026-01-06,,Asistent,5
941,Murielle,Jepps,2011-02-02,76975826230,Reuben,6 Glacier Hill Center,11000,Mautapaga Bawah,Vukovarsko-srijemska,Osnovna škola Asteroid,01524 Charing Cross Circle,1,C,Environmental Science,3,Nikos,Anker,2025-11-28,2026-06-24,,Asistent,1
942,Theda,Quinton,2011-05-06,23718751274,Thornton,8412 Maywood Lane,66700,Regnów,Varaždinska,Gimnazija Jesen,9209 Becker Place,2,A,Chemistry,5,Florence,Scaplehorn,2026-04-20,2025-12-30,,Docent,5
943,Carin,Flement,2010-11-14,78988835054,Kingsly,04 Lillian Pass,12345,Bashan,Primorsko-goranska,Srednja škola Meteor,35 Commercial Parkway,3,E,Accounting,4,Cathrin,Alldred,2026-05-28,2026-03-01,,Adjunct professor,2
944,Janeva,Weedon,2010-09-24,77811310120,Sol,3679 Sheridan Lane,44500,Bantal,Vukovarsko-srijemska,Osnovna škola Šuma,33818 Northport Circle,2,A,Biology,2,Freeman,Najera,2025-08-22,2025-11-20,,Associate professor,4
945,Carrol,Bilney,2009-10-07,42466407027,Dante,228 Duke Terrace,20000,Colombes,Virovitičko-podravska,Osnovna škola Pustinja,58 Kingsford Court,4,G,English,5,Ann-marie,Acreman,2026-05-02,2025-11-10,,Profesor emeritus,3
946,Melanie,O'Lennachain,2008-07-16,52470775159,Marcel,04763 Linden Way,11200,Krajan,Požeško-slavonska,Osnovna škola Ptica,52476 Daystar Terrace,1,I,Anthropology,1,Willa,Etienne,2026-05-12,2026-02-02,,Assistant professor,2
947,Maris,Shortland,2009-03-25,45337771140,Eberhard,10 Heffernan Alley,66000,Ostrogozhsk,Šibensko-kninska,Umjetnička škola Mjesec,607 Marcy Terrace,1,E,Veterinary,4,Kelley,Baudoux,2026-04-28,2025-10-12,,Visiting professor,2
948,Massimiliano,Ashleigh,2011-01-18,99135192900,Alyosha,1798 Debra Junction,88900,Jiaoziya,Varaždinska,Umjetnička škola Mars,6610 Warner Plaza,4,G,Music,1,Aldous,Bann,2026-04-15,2025-12-08,,Lecturer,3
949,Chan,Agronski,2012-09-13,91287966127,Krisha,485 Springs Avenue,12345,Konstantinovo,Dubrovačko-neretvanska,Osnovna škola Cvijet,87 Canary Center,2,G,Music,4,Cherri,Sammut,2026-06-06,2025-08-13,,Research professor,3
950,Barton,Spikings,2011-07-10,55907147358,Sholom,145 Farmco Terrace,88000,Minyue,Splitsko-dalmatinska,Umjetnička škola Nebesko tijelo,13 Novick Street,1,C,Chemistry,2,Chaim,Donson,2025-11-27,2025-11-28,,Research professor,4
951,Neill,Padell,2011-05-30,40050428761,Titos,5 Starling Crossing,88900,Yixi,Splitsko-dalmatinska,Osnovna škola Cvijet,2040 Cottonwood Road,1,F,Criminal Justice,3,Darda,Farrell,2025-12-22,2025-09-28,,Predavac,5
952,Camel,Yellep,2012-04-05,43785094298,Jasun,76 Surrey Crossing,55000,Priekulė,Brodsko-posavska,Osnovna škola Zvijezda,862 Thompson Terrace,2,J,Marketing,2,Lise,Hitchens,2026-04-20,2025-11-28,,Docent,5
953,Edyth,Werner,2012-07-21,35919100162,Bartolemo,98412 Schmedeman Circle,44500,Pyrgetós,Splitsko-dalmatinska,Osnovna škola Zvijezda,5039 Bunker Hill Center,4,I,Physical Education,1,Birgit,Gerran,2025-08-08,2026-06-27,,Associate professor,3
954,Stacy,Riddiough,2009-07-23,63508482873,Boothe,1818 Continental Avenue,99000,Abua,Splitsko-dalmatinska,Srednja škola Meteor,9126 Commercial Point,4,E,Astronomy,2,Paxon,Lauritsen,2025-10-14,2025-11-04,,Visiting professor,4
955,Mathew,Laurenceau,2011-08-05,28932991683,Pete,198 Fairview Court,77000,Yeyik,Požeško-slavonska,Umjetnička škola Oblak,38830 Reindahl Drive,3,G,Geography,1,Grata,Cotterel,2025-08-16,2026-01-06,,Adjunct professor,2
956,Karine,Sign,2010-08-16,77688104993,Aristotle,02 Kennedy Crossing,99000,Banjar Sambangan,Šibensko-kninska,Gimnazija Jesen,95 Hoard Alley,4,I,Veterinary,4,Carolyn,Poyser,2025-11-11,2026-03-11,,Predavac,3
957,Lee,Karsh,2012-02-12,66088988664,Alvan,9466 Dayton Plaza,12345,Solikamsk,Pazinska,Tehnička škola Oblak,07502 Elmside Avenue,4,I,Medicine,3,Georgeanne,Giuron,2026-06-01,2026-06-11,,Adjunct professor,3
958,Laurette,McAline,2010-09-30,12897165177,Nickey,23 Doe Crossing Alley,22300,Kylmäkoski,Istarska,Srednja škola Mjesec,910 Gina Terrace,4,D,Nursing,5,Olia,Vasyushkhin,2025-12-11,2025-08-27,,Lecturer,5
959,Kory,Smiths,2008-09-29,36351736132,Elmer,55 Corry Alley,66000,Lebak,Sisačko-moslavačka,Srednja škola Mjesec,677 Banding Place,1,E,Sociology,4,Edie,Veryan,2026-03-02,2026-07-13,,Adjunct professor,3
960,Blanche,Burgne,2012-09-20,70280739417,Bone,7337 Anniversary Hill,11000,Portmore,Bjelovarsko-bilogorska,Osnovna škola Sunce,07 Boyd Park,3,A,Geography,3,Bonita,Seacroft,2025-11-11,2025-12-09,,Assistant professor,2
961,Callean,Buss,2010-04-16,78448606783,Radcliffe,90 Dahle Street,55000,Ängelholm,Karlovačka,Srednja škola Supernova,6331 Sundown Street,4,H,Medicine,1,Hugo,Seczyk,2025-10-07,2025-09-17,,Lecturer,3
962,Jard,Fulop,2011-04-19,44447875372,Huberto,7 Sheridan Drive,66700,Malandag,Vukovarsko-srijemska,Umjetnička škola Mjesec,29341 Jay Alley,3,C,Political Science,5,Tyrus,Ganniclifft,2026-03-23,2026-04-07,,Associate professor,5
963,Justinn,Duval,2009-03-08,43397152359,Aylmer,3559 Londonderry Terrace,33400,Ceper,Bjelovarsko-bilogorska,Gimnazija Komet,70692 Meadow Ridge Avenue,4,I,Veterinary,1,Wanda,Delhanty,2025-09-23,2026-03-27,,Assistant professor,4
964,Leona,Petrasso,2011-03-21,14094209075,Gavin,467 Milwaukee Trail,11200,Dingqing,Bjelovarsko-bilogorska,Srednja škola Supernova,5 Bellgrove Parkway,4,A,Music,3,Audre,Banck,2026-02-28,2026-05-07,,Assistant professor,2
965,Ruthie,Orto,2010-12-05,23332905522,Angelico,90 International Circle,35000,Gaoling,Međimurska,Srednja škola Supernova,8110 Crownhardt Point,1,C,Biology,5,Delia,Morcomb,2026-01-01,2026-07-26,,Associate professor,3
966,Gwyn,Maffione,2010-02-13,92394209735,Earvin,5 Randy Park,55000,Mogok,Pazinska,Gimnazija Drvo,86 Menomonie Alley,3,E,Law,5,Penn,Minger,2026-06-05,2026-01-16,,Asistent,1
967,Alexis,Spiring,2008-06-15,69420783802,Sonnie,101 Maple Wood Circle,66700,Bayanhoshuu,Primorsko-goranska,Gimnazija Jesen,0939 Old Gate Junction,3,D,Art,3,Gibb,Brighty,2026-04-02,2026-06-14,,Visiting professor,5
968,Krishnah,Chiese,2011-07-12,17280357913,Tome,20 Shelley Hill,66700,Cottbus,Karlovačka,Osnovna škola Šuma,51 Menomonie Terrace,1,D,Philosophy,3,Cosetta,Sliman,2026-06-26,2025-10-13,,Assistant professor,2
969,Dayle,Spargo,2008-11-22,48265155970,Micah,145 Mifflin Center,77000,Wijewo,Pazinska,Osnovna škola Rijeka,78 Melody Court,2,H,Marketing,5,Trisha,Crux,2026-04-16,2026-04-06,,Adjunct professor,5
970,Lynne,Shead,2011-01-20,71708161631,Salem,20 Calypso Junction,55600,Rancabungur,Vukovarsko-srijemska,Umjetnička škola Nebesko tijelo,13677 Thierer Drive,4,F,Environmental Science,3,Zelma,Airy,2026-03-11,2026-04-06,,Associate professor,3
971,Vere,Ridder,2010-09-15,50594449393,Leonid,72944 Saint Paul Court,55000,Njivice,Primorsko-goranska,Osnovna škola Zvijezda,287 Grayhawk Pass,3,C,Psychology,5,Wynnie,Lawler,2026-07-10,2025-09-13,,Visiting professor,2
972,Bonnee,Clemmitt,2008-06-06,25505694119,Kendall,513 Paget Center,35000,Medeiros Neto,Koprivničko-križevačka,Tehnička škola Val,18682 Scott Pass,1,C,Geography,1,Thekla,Santon,2026-03-04,2026-07-15,,Research professor,2
973,Waldon,Briamo,2011-07-29,10736065724,Humfrey,3725 Comanche Drive,11000,Bahorí,Lika-senjska,Srednja škola Planeta,7283 Browning Crossing,4,H,Mathematics,5,Drucy,Signorelli,2026-03-10,2026-06-07,,Lecturer,1
974,Web,Stace,2010-08-14,96364375896,Jarrod,73153 Lyons Trail,77000,Gongchang,Šibensko-kninska,Gimnazija Jesen,3094 Londonderry Place,1,E,Mathematics,5,Dario,Celle,2026-03-17,2026-01-02,,Associate professor,4
975,Joya,Meadmore,2009-03-21,60456582556,Kip,3283 Sheridan Lane,55600,Chicacao,Krapinsko-zagorska,Gimnazija Jesen,812 Moulton Court,1,F,Anthropology,1,Honor,Giacovazzo,2026-03-05,2026-01-01,,Profesor emeritus,5
976,Trent,Donnison,2009-01-10,40866345311,Kylie,76 Ohio Crossing,55000,Yokotemachi,Brodsko-posavska,Osnovna škola Zima,1 Pennsylvania Drive,3,E,Architecture,4,Franklin,Gurry,2026-03-15,2025-09-24,,Asistent,3
977,Kordula,Scad,2010-01-27,49097899218,Elden,22 Scott Lane,11200,Ferreira do Zêzere,Bjelovarsko-bilogorska,Umjetnička škola Sunce,00209 Continental Hill,2,E,Business,1,Kameko,Lemar,2026-03-07,2025-09-19,,Lecturer,2
978,Felicdad,Pettendrich,2011-06-19,24125508797,Webb,5 Talisman Avenue,12345,Sagaing,Primorsko-goranska,Srednja škola Mjesečina,3007 Surrey Drive,2,G,Business,1,Aaren,Yateman,2026-04-01,2025-12-30,,Research professor,4
979,Fairfax,Ickovic,2010-05-28,81638349954,Stuart,134 Homewood Crossing,66000,Tužno,Brodsko-posavska,Srednja škola More,20 Anthes Circle,1,F,Biology,5,Kristel,Fagence,2025-09-11,2026-03-15,,Research professor,1
980,Kristi,Fullalove,2010-03-28,48506357829,Dorey,5 Dorton Place,88000,Radziszów,Virovitičko-podravska,Tehnička škola Kiša,9062 Scofield Drive,4,E,Engineering,2,Lucille,Leyton,2025-08-05,2026-02-15,,Adjunct professor,5
981,Alverta,Zemler,2011-08-12,86215960885,Phil,89 Vermont Way,33400,La Soledad,Primorsko-goranska,Srednja škola More,7 Center Place,1,A,Geography,4,Ron,Baline,2026-02-21,2026-03-17,,Research professor,1
982,Casey,Rattery,2008-06-10,84904460669,Gilburt,56247 Caliangt Pass,66700,Vincennes,Virovitičko-podravska,Umjetnička škola Mjesec,56495 Carpenter Park,4,G,Economics,5,Kimbra,Czajka,2026-07-09,2026-04-02,,Associate professor,1
983,Lemmy,Bidmead,2012-03-19,90052081200,Dunstan,17772 Rutledge Park,35000,Kāleke Mandi,Dubrovačko-neretvanska,Osnovna škola Planina,556 East Crossing,1,J,English,4,Monah,Dowding,2026-07-01,2025-08-04,,Research professor,2
984,Yves,Jeenes,2009-12-02,70020269367,Garry,8 Warrior Terrace,55000,Verkhnya Rozhanka,Sisačko-moslavačka,Osnovna škola Voda,51 Birchwood Point,1,F,Accounting,4,Ardis,Lascelles,2026-02-02,2025-08-11,,Assistant professor,4
985,Blakeley,Moulsdale,2010-02-25,99189194262,Waylon,69041 Scott Plaza,99000,Fort Smith,Krapinsko-zagorska,Osnovna škola Šuma,4277 Golf View Circle,3,H,Marketing,4,Colas,Cordero,2025-11-09,2026-04-27,,Docent,2
986,Dene,Renne,2008-11-24,38769551434,Troy,2905 Nelson Trail,11000,Gunjur,Istarska,Umjetnička škola Mjesec,0757 3rd Crossing,1,E,Chemistry,1,Harp,Guirard,2025-11-25,2026-05-05,,Profesor emeritus,4
987,Ezekiel,Endacott,2012-12-20,10221918911,Saundra,6 Village Trail,35000,Ypacarai,Istarska,Gimnazija Cvijet,5 Scoville Way,4,G,Computer Science,5,Christian,Dome,2025-11-24,2025-08-12,,Visiting professor,5
988,Trish,O'Fihily,2009-06-28,91173185058,Andres,8817 Heath Parkway,77000,Venlo,Međimurska,Gimnazija Cvijet,7 Green Ridge Terrace,3,F,Engineering,3,Netta,Shoreson,2026-04-28,2025-12-27,,Profesor emeritus,4
989,Hermine,Scanderet,2008-05-10,11488361966,Nealson,9 Lotheville Trail,99000,Tselinnoye,Međimurska,Srednja škola Zemlja,6609 Hoffman Center,1,J,Veterinary,3,Cornie,Tomson,2026-05-10,2025-08-15,,Assistant professor,5
990,Adara,Jeary,2010-06-26,53954099336,Boycey,6 Northridge Drive,54321,Luleå,Krapinsko-zagorska,Osnovna škola Trava,57 Delaware Way,4,D,Dentistry,2,Gill,Meuse,2026-03-06,2026-06-26,,Associate professor,1
991,Concettina,Pavolillo,2009-11-09,38041311954,Carling,162 Lakeland Alley,54321,Osilnica,Vukovarsko-srijemska,Osnovna škola Šuma,1481 Cardinal Trail,3,A,Psychology,4,Jermain,Boardman,2025-10-24,2025-10-31,,Adjunct professor,2
992,Ivy,Goodison,2011-02-05,32443315737,Sunny,61539 Muir Point,55000,Laventure,Bjelovarsko-bilogorska,Srednja škola Ljeto,719 Debra Lane,2,G,Literature,5,Thedrick,Wilford,2026-05-10,2025-08-26,,Profesor emeritus,3
993,Shoshana,Slane,2012-11-24,57600969977,Cori,00 Mcguire Place,88900,Cortezia,Vukovarsko-srijemska,Srednja škola Supernova,58 Miller Street,4,A,Medicine,3,Giulia,Rutley,2025-10-28,2025-08-14,,Predavac,2
994,Renell,Izkovicz,2010-08-02,20497141894,Addie,5 Meadow Valley Pass,12345,Singasari,Međimurska,Umjetnička škola Oblak,36 Golden Leaf Lane,4,I,Philosophy,5,Derrek,Jacob,2026-01-24,2025-09-29,,Assistant professor,4
995,Clarance,Genny,2011-08-06,37798476902,Mateo,5 Briar Crest Center,88900,Kibiti,Brodsko-posavska,Osnovna škola Pustinja,8851 Myrtle Way,2,E,Mathematics,5,Deirdre,Towner,2026-02-10,2026-04-09,,Assistant professor,3
996,Orson,Dibley,2010-07-12,77047213521,Reggie,499 Amoth Trail,66700,Tanumshede,Istarska,Tehnička škola Oblak,25245 Sundown Trail,3,C,Chemistry,5,Dona,Thieme,2026-07-17,2026-03-09,,Predavac,4
997,Sibella,Forster,2012-06-05,38131829453,Klemens,26961 Veith Point,99000,Singajaya,Zagrebačka,Osnovna škola Planeta X,77380 Waubesa Road,1,D,Geography,1,Isaiah,Watts,2025-11-15,2025-08-19,,Docent,5
998,Trixie,Akeherst,2009-01-19,10060997596,Tabbie,5616 Messerschmidt Hill,66700,Sangali,Osječko-baranjska,Srednja škola Brdo,30594 Clyde Gallagher Hill,2,B,Anthropology,5,Sonnnie,Paff,2025-11-13,2025-12-26,,Docent,3
999,Wilhelmina,Skehan,2010-08-24,72547820412,Heinrick,3593 Village Way,11000,Chenzhuang,Šibensko-kninska,Tehnička škola Oblak,981 Starling Center,3,F,Law,3,Freddy,Andric,2026-03-05,2025-11-20,,Lecturer,5
1000,Karoly,Brough,2011-03-18,78820699762,Nickola,037 American Ash Terrace,88900,Havtsal,Krapinsko-zagorska,Srednja škola Zemlja,65761 Butterfield Junction,2,H,Accounting,4,Hirsch,Lidgett,2026-01-05,2026-05-15,,Predavac,2
